50000
709809
50965
375848
234538
6563
547499
525697
700903
813539
959234
342128
449245
204021
276671
866062
571201
299134
226022
465374
331812
938442
904652
161832
308648
448848
515061
582309
848509
793477
227801
160217
436653
391687
910325
288413
718059
523026
130397
329895
656461
528764
248787
497392
652466
974907
779585
209222
905159
878976
316210
131703
292327
212710
983002
367332
122989
866963
850985
779453
547871
681728
420417
779419
781762
789655
611714
174321
761347
547764
352626
405303
964908
546592
218801
419449
300555
780880
201258
666265
788114
675752
815466
179971
248895
293547
738304
906719
669947
743341
962110
283379
725155
218620
700857
415764
150937
567371
881173
926992
908803
984192
913068
206596
300858
88032
994089
723408
171791
222613
365661
283462
944200
353102
666329
59164
868844
694148
411892
156803
963670
809611
398379
129483
72683
737646
266641
881664
432716
564206
947699
275926
773527
291308
709689
482031
488317
90152
998117
905209
119272
518550
609508
62583
847983
736235
316627
353504
979837
124620
670583
771850
101371
476104
838913
400284
320037
521656
231432
923382
705854
850162
249514
867532
430121
89357
26024
907563
88690
790186
319157
619245
522460
923108
552165
232189
733292
544356
164836
146626
681424
474670
252628
952113
101455
745755
254499
793809
888754
857542
980619
345448
441558
649387
201406
5342
492302
999644
368746
545095
221081
647917
911344
716151
367064
410997
534416
376615
831386
144614
644819
767185
717731
415662
268811
173331
712791
659396
102081
156652
571845
849118
809131
457815
433110
943613
536561
991972
545053
258292
787878
929956
897503
849706
970079
737322
127035
724040
550390
114580
472341
470859
965429
90088
114653
763627
797282
404853
556415
632807
541285
318164
158001
516172
839555
628482
57470
865098
862049
293745
425776
546710
151345
354835
492090
710229
543279
988820
628679
319458
822800
246490
969546
541749
792434
443713
298821
483837
220834
382241
529515
199083
83416
943611
103978
249389
426237
384616
795718
689721
104635
925126
289630
800364
516380
492263
165642
181820
428455
643825
439039
889952
834544
273207
892195
840522
254548
342166
852575
643041
666558
187957
794293
188019
514452
992927
784403
915457
787472
299443
587997
840990
730002
515256
277184
265296
865082
785310
495
863719
989037
550912
81798
334780
212822
602012
174452
904035
947935
1894
289752
15286
96055
916038
87337
934135
938116
571379
789459
670149
148082
755077
845562
7927
51788
408256
309042
842607
738351
355178
677828
285394
126309
668395
892729
527832
895246
772705
288997
574543
846358
701536
571935
889265
974163
35839
463165
746994
348289
494843
556429
589694
438736
960419
304549
93028
613720
484754
172793
189664
810039
603272
859600
638027
396768
929862
363308
854904
27774
68080
462139
590519
76600
666990
450946
743865
152488
916611
404447
262001
854001
94069
383604
403236
732704
261832
404674
621726
607166
491601
617597
91952
133685
773126
508663
857169
542058
633890
635014
845180
405697
583631
684777
625222
675784
957218
254062
367564
809059
321833
920891
544235
692686
142734
284917
686297
586896
772119
877859
485455
190034
682144
246508
836429
365859
333777
554291
234126
967521
666126
652359
976795
921096
524756
772927
717265
331109
490758
721107
166297
268339
525185
988221
135997
285545
957448
601942
346023
200744
356708
817649
792605
292823
941116
755527
2702
939400
617485
304168
407972
505451
604944
262331
326096
262267
698243
884075
229937
524537
226010
548830
551564
459747
637208
297633
171910
558762
398648
175509
962299
617705
188969
144597
661017
838997
466842
137436
855051
539018
987866
667126
49319
709608
910060
327345
479210
222516
656434
981864
585297
13671
118163
736085
745082
380498
813569
549570
319055
661072
127259
988526
36636
691156
616601
573321
723365
670682
220499
961481
141423
388413
605996
610490
665804
811674
394086
956205
518620
874782
600864
992118
578451
728922
240900
795271
608140
941985
780711
391095
51019
499288
687396
683472
488327
882943
427028
687790
28056
960141
541025
664299
344507
427074
106488
923731
560776
912837
353573
240814
239879
130174
740603
326856
221499
82086
41424
893507
157563
229529
415562
482966
535174
334573
251733
859846
331192
383345
169572
429912
93080
159776
791090
36506
981453
384018
237301
907222
493068
852541
540871
332423
573618
999418
740212
280247
248765
953555
89522
383721
809763
404730
80544
561651
380064
212847
697045
64362
891262
675231
830202
56772
929923
632126
452867
969607
665655
573841
920202
444205
851095
35682
191011
349666
483285
554876
461671
908570
881744
804287
776334
997238
293783
53495
798348
139528
398000
3032
753159
368381
133527
33814
100027
921258
430550
983524
335691
853576
526382
479132
261744
347344
887705
155024
707031
612211
966034
270071
67510
552372
740355
368817
989897
628425
354790
791319
106994
302908
131788
177314
251100
840808
598969
643079
885880
197895
524210
322000
723458
190342
238854
60631
633457
183283
6039
951524
647867
616331
941843
209691
523139
487651
63303
413995
670707
192457
710883
440180
367117
859958
120582
803875
581341
633889
29807
373939
855263
831645
125956
643334
941009
302951
274403
914057
201262
226454
760888
498672
266641
713754
203536
641576
173530
689372
99439
335804
594142
415631
262570
782928
419760
271960
455059
117772
765891
980223
409302
864300
209028
795627
72935
193897
851271
505747
355446
723573
660999
114959
654630
994273
29575
756128
977099
820388
394119
744379
676143
38360
374147
247785
278828
598383
142520
465976
256925
256210
199935
839205
863001
755185
885043
574589
846738
504661
394033
898079
892489
603159
339159
38558
779753
958194
816040
412100
376329
422708
725954
848647
950637
701884
870329
227635
670193
171074
238422
316732
389107
848771
68502
507126
676891
773244
145037
712373
542526
209077
510895
477364
455861
700313
132127
860454
48277
898716
514177
705893
308015
488143
70572
571581
605588
376988
855667
376367
209426
352249
379118
134670
991559
892510
758711
882472
642194
464727
4535
575693
772385
572642
966064
94248
869428
245929
67004
119808
488810
692211
512731
388719
379492
92071
598809
94856
476611
82502
520513
659399
798619
169841
431505
177834
394056
375470
416711
977684
401674
36557
899096
486954
326921
704340
378219
68076
17986
936371
471805
914387
842060
7614
305600
98798
301339
586154
309718
393949
5963
739850
427234
500513
195785
931809
470679
616797
176347
966779
662911
571876
979751
363250
665103
737890
379019
43549
996487
726583
606706
80535
859851
715012
631306
843006
442546
509237
205114
314015
582364
883145
734803
697048
700244
728370
205290
438318
281285
268716
772915
824121
702118
292746
24638
468629
874906
380025
883365
862900
141923
531235
698070
619991
692790
731852
278474
939406
67106
866894
796059
390181
693162
586125
571065
996095
699801
200305
666800
60074
676306
999714
801730
615263
299673
939751
524088
328660
626748
668836
782853
851016
771041
844242
214786
119932
672135
237691
2592
71803
420080
252486
778556
573721
758549
464649
613376
767093
772565
902489
442786
144156
94106
538916
35154
882424
815204
13440
753998
277840
857524
18341
742032
781355
288730
230866
476272
233818
468039
271435
114882
867687
297163
885409
70171
977012
84055
398498
622388
489481
884124
818836
774838
613981
627015
614060
115487
178868
805307
751056
557900
187142
740901
467035
973576
778
808694
835743
441087
196775
852620
684088
798593
987797
202022
625648
2537
452856
807127
110275
202941
295353
928201
795741
741387
91711
129932
306283
393545
25237
978755
578985
620940
979697
124521
752105
782658
81810
357990
695534
102034
876801
954923
252683
88295
171868
155967
800037
767722
24786
626251
535716
14962
633381
961362
656461
547307
91305
33061
895423
166285
377334
869559
481719
299350
335022
109541
703516
420094
152712
791548
539228
825977
412966
638833
183826
822552
609001
744451
994217
806054
230630
421527
385099
282162
993294
382118
708097
680802
931269
504891
268442
674725
192091
906429
715616
620855
333318
723151
118033
414968
527440
329520
872874
248197
471750
786667
170585
205739
315684
18603
53857
195256
441755
982460
39598
273457
191511
795656
887709
792267
141930
716955
57534
751194
360427
857393
961914
433415
309451
520708
95783
763907
987180
776519
479398
777454
39674
568855
498956
275956
220102
272692
70122
390454
979072
720955
148202
55748
419186
955763
302203
178938
250609
514556
704893
698321
982942
299976
934111
369332
543260
916486
894866
453314
941482
554223
298022
147784
899461
291557
155220
318267
817435
371496
581559
192330
834858
590253
206943
177401
694782
964730
779630
244738
710246
177848
144574
400815
604705
329326
9773
740430
966950
375891
634662
200797
496065
654989
841314
471360
537881
274437
934842
60831
463971
846109
596925
490790
101870
21457
171399
542151
218466
393719
801855
204554
216661
875412
79698
350949
980913
927828
94216
90079
54944
160946
76504
950276
452730
346971
949263
128607
274169
802740
706843
691736
648227
527924
587542
667251
825164
253403
39940
167927
689595
906295
771640
958741
387316
586148
619303
462883
346846
911375
925449
74202
191131
875207
599843
727085
538319
475331
836995
973488
217450
268811
367460
677772
346704
661440
197792
96892
88996
457012
113376
828444
560811
509263
220642
288189
433678
848223
44871
13935
45152
553973
200972
379597
639127
202529
235654
500194
489701
534953
737092
265873
309749
244797
197707
435797
190548
305229
64235
111869
695830
745690
192080
175868
593090
2651
792686
198010
937242
528517
14479
173851
544258
748952
998767
86164
975688
760064
639039
120998
919175
402165
924352
281457
284938
715251
611404
535630
63936
309970
887067
19773
628383
388431
524130
838319
713294
250817
542210
64885
808864
720628
375255
441730
348448
806248
437820
860252
680415
496530
923073
941964
960168
545159
920202
18568
625714
445322
72784
935333
777969
444826
345731
875305
265062
90021
524956
542133
852304
965838
617144
617971
216530
433187
174025
500111
798266
738708
571570
482006
802355
605425
676308
294912
812540
917690
161578
538068
625820
644790
697272
412813
46557
101725
813073
119451
392910
643991
327745
531379
693344
126459
434831
654849
710910
390501
864712
307700
620660
471832
389505
918380
455288
957157
178453
593881
71996
861316
506688
637520
146681
954092
675296
770271
486391
903061
911622
765406
622505
837609
443234
654538
554081
151244
194901
220095
495188
31266
91019
637782
980198
86969
714040
920212
426526
483669
781612
922844
793316
534842
781151
89501
508422
894139
856494
547453
49069
108854
125111
895275
311391
276268
914216
966137
976060
255441
992436
767679
698456
43596
557817
752454
751350
842275
374231
235117
955484
23826
17038
674389
133905
539321
594371
226044
386034
896810
983083
616479
607085
41735
733949
168984
785664
726327
411769
783812
661859
79229
411799
789366
767915
878126
98103
102485
231240
21273
433756
543492
302779
619839
122530
307888
65051
745658
211064
705469
92787
797150
549982
274970
940665
859797
996484
477042
276642
973178
766173
549705
121590
320041
204021
260682
264442
18134
85005
263393
263024
393289
419160
295885
932486
171427
957222
366520
15018
828689
860489
921880
133541
324517
205661
834054
782350
191076
241993
917070
538411
72911
961597
415248
169621
969890
138347
36441
973744
987380
943673
809989
658391
442747
87069
424437
636336
152899
7042
626765
925390
900814
493583
211445
15342
614703
153489
183892
419377
696528
22099
701993
820976
180369
802030
127005
656768
472536
465376
769534
888798
955515
845716
923527
136040
790960
314481
961553
434741
364046
578187
783599
521234
459824
777003
464714
722363
408519
127917
635677
520257
788660
400413
308715
620569
2295
944675
14701
808634
382199
721451
190051
550864
739324
251434
376570
144019
463781
694982
438354
448988
125601
414546
726163
882915
595319
715723
657050
882839
323954
766346
115413
121962
635919
209486
560552
144360
951340
179267
299704
109462
419437
235154
528664
257157
319931
655188
4843
786000
316543
201829
374330
894136
682163
153212
983109
470492
757904
91115
568125
377255
269046
547168
967329
213155
835939
669745
127732
414964
420591
811128
236711
474060
873041
642701
217933
172658
38255
572942
56484
950951
870921
977585
290137
944191
27673
864837
551931
901907
261326
789821
870162
491264
605203
360759
36603
550935
476782
406081
276001
477968
444368
432501
375874
223121
822088
663093
972968
198168
318406
915620
483026
448509
690296
220001
82568
401686
449474
243493
320642
159375
7940
81402
158168
532771
582946
423361
800212
875138
759682
538193
91193
633969
293896
752927
602620
436332
169542
775649
928059
460976
75886
174024
917014
142122
644999
71733
26572
742124
656585
865492
765185
516402
50628
238272
6886
23459
630681
275016
119999
227307
301273
902447
774290
599173
811369
212786
202563
344576
808136
593597
1884
630763
823768
607050
300448
506001
13870
947861
385468
462132
620492
128830
760742
775217
55820
659909
445684
436647
750551
625181
652862
452354
611568
923376
185019
721536
62664
846082
410729
974436
396552
229160
512603
755818
746432
729806
889569
364246
270151
495650
494720
75601
757860
263810
143916
315680
622792
530905
20207
745895
37442
86683
175358
794875
348779
362240
994592
757056
763291
947114
247021
706984
90518
90220
657692
422015
927246
84169
645465
96917
640452
219980
890089
283703
133977
761006
83884
638647
735095
128778
213847
263544
149612
127512
252373
313770
602093
964682
56165
39224
123492
609584
529440
752900
260549
872434
356976
186359
679127
826728
979308
787990
590181
617457
934901
511103
311206
567504
879642
258889
3703
387336
321739
806061
573909
888966
111832
920892
424051
243382
932552
350265
481354
326986
768109
649012
121938
862660
674649
125002
672673
893072
681676
420314
302913
42244
986726
482650
114470
218537
969556
404987
500480
784031
49004
518000
699372
905713
871044
167327
58134
464193
71814
157202
618315
83762
999643
90577
507101
491532
71111
409956
364842
175094
4088
139944
467240
360089
604452
101078
274237
940535
367889
898833
305124
126153
755598
227288
831783
187239
767083
130226
332058
315375
612612
480869
341169
581749
319690
119989
483326
161201
826203
546953
700257
810670
455409
451925
402445
482665
654053
877041
140028
987246
962287
588538
620335
269225
488877
704067
868533
398604
161634
328244
197921
262397
991795
569352
439437
761307
443699
834596
549136
227236
403339
165418
352014
625433
909534
447673
930761
560056
967748
611191
850056
396142
325898
500813
353034
867866
469226
335905
638042
536194
191518
903817
622273
488970
573333
631332
816808
150942
875149
930590
27801
65617
60191
251475
835359
393423
889398
420040
100110
349527
932994
541793
56665
988229
557770
570089
855016
882405
575660
680688
30329
14874
760333
549933
632876
969170
436771
226853
193484
768972
930462
798214
787128
889008
438759
297282
328719
933777
979499
224031
744596
254195
589937
383682
158716
347144
630213
983471
989579
953966
456968
952032
130195
388804
495480
789782
413668
519409
435354
451695
144811
242605
545382
705432
390836
23996
593792
674846
840982
208791
514365
520964
714173
591363
517170
487509
971066
371497
475718
612614
244681
323252
474681
114694
644141
441040
145063
472848
708798
689240
96609
890560
352131
357129
653848
676345
986325
96825
45382
609329
522909
595018
683513
298831
267578
164372
19926
905314
858472
510003
26309
651517
493002
284537
258420
414393
759321
343495
968341
810201
935780
616823
462028
659501
579227
447871
228625
879737
556942
590245
683503
10062
457888
846066
751777
760457
106854
357997
441306
904747
713600
640227
506425
265741
564798
647250
872650
388821
461314
756294
477462
797000
815618
173195
389235
685485
809200
527939
869193
174728
267110
778372
109095
427560
856489
57881
697019
600135
401880
307202
306933
842590
617952
441622
288396
391458
865743
833666
983123
482467
578996
134979
313831
412129
878026
126112
993
449280
297743
835249
967499
502214
984410
338330
145424
120551
900072
527904
210166
854713
118125
148827
238509
563251
324897
858827
940262
943500
608524
813119
447652
939381
789600
949712
869589
177341
400362
918187
798973
484068
596950
206667
385848
955905
822114
249650
273723
621736
319406
583550
364440
791600
196866
354925
947037
795722
403662
894519
357947
145594
890622
94180
289716
576353
645495
141713
684056
165376
771262
984136
803191
491758
868187
74434
956846
732092
647663
192824
854300
456671
70579
356134
814373
20417
373166
424131
197181
367326
43189
444143
722848
292757
438829
71984
458707
207050
268930
769687
934190
559762
186231
100666
790856
817085
629809
451198
198643
833580
508360
410265
619790
12570
56429
759100
606013
2281
114312
275387
78243
268034
574018
133568
75267
534946
532779
491856
363251
789441
362694
876976
388080
375744
11408
360199
119829
844099
800459
366504
266698
106235
393586
899272
262326
240483
499321
9555
971800
950950
894414
183932
404902
231817
162842
267048
498139
862507
414601
354169
815292
476605
226293
178371
95980
303582
158490
33975
387690
44527
462715
250821
438917
862732
255768
853922
132458
749213
593834
837821
399761
458235
129482
764016
384637
664393
872653
9134
710244
134513
296849
786780
226323
231842
775015
682220
719943
171332
222170
67274
388897
715720
792892
412702
838643
694423
219810
189162
881779
759795
77465
565920
395035
209403
418189
748915
993510
397530
158213
311096
578800
556640
928636
701652
335807
278940
57220
637881
924029
915798
527292
97697
49725
956378
390019
733174
694167
467064
4927
667365
47158
481433
465930
360497
798560
79422
389744
604408
424384
425204
450570
51288
445297
416768
89238
86499
423853
793537
261626
71168
66425
928513
629141
271784
276111
477283
643862
868662
623116
763370
389011
34953
369327
606727
243534
570453
672545
825466
207252
700352
934862
364601
216634
644904
24577
753696
54193
664501
539472
762116
954671
89069
915798
185760
139888
43294
646963
100706
767274
300011
240497
115287
397625
433607
404650
825926
79247
527144
862177
163259
81085
934994
254264
1824
562288
154811
753567
432081
143798
106218
678440
158566
634706
192842
382422
438780
945143
157160
76628
472120
273850
524325
406777
821856
163789
294401
94971
481449
817715
576146
201191
888384
393155
533778
203024
853329
916469
605248
776682
268039
728804
543646
131193
136332
118383
26780
687572
50676
435634
434656
559124
519791
524138
919848
335548
188388
673939
688698
835847
701941
713842
492020
232992
217751
305974
24511
763191
99446
775268
212918
577821
181536
483984
835712
890570
199086
282030
182247
261924
486645
926382
901870
293155
870108
484462
989395
275800
772134
189984
406081
444218
104509
363432
30732
633487
824302
619223
212477
648193
909285
645430
579923
982978
386070
239175
911765
71920
362526
691049
579055
422513
868009
184610
785117
934232
875202
344984
70812
514569
432824
374835
445943
468934
669414
45354
735826
945023
434986
509543
936746
606044
319345
207989
492029
907492
382807
521804
850237
678943
746294
627120
634955
101142
209683
792383
651604
492739
431961
304102
788821
566440
50631
195165
364164
643147
231942
179978
321420
532808
723162
641036
17237
836276
77249
772185
838256
783283
347483
860199
70145
624361
721119
395090
406112
994493
357221
107131
289586
872359
362291
338568
722429
454044
367938
303599
104134
893348
892221
474443
248229
332077
849291
765584
846786
351379
506795
135166
503261
684793
507015
435996
125513
264812
169680
948419
147273
512840
140060
280720
251094
691206
525544
881829
932480
561178
469363
988223
202979
742811
567917
766448
111853
672269
72712
189676
632897
562704
951921
288413
641327
207320
753829
307315
553957
220387
81686
282869
820450
931717
729592
371619
756215
334211
80008
501631
521286
241480
393134
802693
973086
244745
796385
548904
833195
880356
372829
477335
705979
7365
328194
187552
821880
965485
743334
897806
716787
436398
12620
287612
135670
761641
993508
319084
993059
191360
147074
774641
257317
782852
376757
368549
240807
641552
251210
289
592015
826501
101312
418249
428004
201964
499082
479583
875550
737791
396321
347431
226963
298681
976866
226414
184468
602361
461971
881731
864456
808440
57186
890620
145739
558644
136607
308754
617764
54506
579479
947921
646164
701999
71145
286333
593726
786692
984699
584567
377129
769599
197876
847602
75295
956803
899562
578479
937991
513252
53509
425435
736998
530281
312023
232628
354772
375221
830883
683099
903933
488487
2669
999559
325931
801237
635104
250934
27984
697444
760828
263574
547908
338919
880429
794559
914575
220028
316693
489605
24131
269807
787055
850494
178936
439301
773818
153459
596047
180958
447840
108452
317948
917359
611532
820546
77129
466020
166157
360108
615127
129288
671998
958389
725518
359683
763563
641241
589573
395173
12067
533494
611339
153947
510568
418893
67533
435467
961085
143216
552847
952477
683428
549204
536667
253256
840216
94373
435224
834093
720428
984636
632880
174762
386854
388225
927795
807898
332008
360771
103743
845820
723118
751319
717166
618142
631208
461128
218845
19112
696444
294523
580081
100995
484840
818152
109892
318313
578928
384407
4914
767448
52596
462883
231803
76640
984360
827298
567415
719005
365588
920662
44386
868298
586529
355171
357850
607846
176007
449679
340160
523242
432538
227281
127380
2224
543884
146431
342273
808151
456899
513671
668796
689388
563081
862828
79789
581157
313357
726549
423101
957815
605044
661569
969370
3571
976610
622007
793652
13993
195599
866543
77831
200263
916463
389872
823070
912437
698763
869746
722852
959212
900002
514946
702262
713040
395331
873176
937410
10073
119770
443494
631761
989
282209
110259
495054
119305
272525
309251
357584
462990
520925
600923
102316
880231
741850
757936
167463
915899
972021
811609
9990
6289
270225
113261
343571
481950
53751
371646
511086
439240
598887
515430
672981
999545
819617
796006
726301
90208
340513
275217
794775
533163
410087
893982
857494
356864
91660
952188
306638
606803
881366
327252
186989
861205
249621
407474
168995
769092
894904
517847
393967
447480
939182
978698
16188
105974
583324
156292
155822
990855
651408
876472
779460
524949
265144
989734
59304
414109
199663
757090
952704
806458
943652
979183
131390
127837
117004
331400
146310
609806
693262
288273
560366
749005
557473
522639
722218
154875
121219
311477
849173
123580
388065
703171
651312
393595
591947
459399
741873
115429
873740
795833
455166
890394
308756
820652
105899
818065
137256
19091
982980
188031
259343
445744
704329
684973
9507
109446
289684
954263
617436
242758
163078
41852
498712
461573
676763
747002
301943
145130
258777
20675
41481
877382
260821
547517
69113
558194
68505
92194
694983
127595
835710
48322
590539
952092
141952
543719
213705
268008
951618
981544
883571
196627
77544
714496
201084
711531
223736
231468
958352
983959
654852
330525
966280
811122
789031
178945
956071
627761
587163
457772
671059
323376
431164
757449
296560
721134
521286
228983
5594
648317
136381
111241
687494
224691
110089
367974
654169
859495
473771
941976
909579
152251
741832
4578
938285
884230
940685
452160
944275
179293
789443
841208
708275
56854
73927
55748
434269
872343
747198
296298
245062
917516
29769
867388
306338
829195
903904
96169
431817
280652
443424
693168
338005
32108
228526
196070
473825
366064
637382
50700
390255
931819
523339
614230
286639
560263
460343
568761
871077
619324
281342
769667
406815
80700
216076
851983
899514
585922
66455
388439
260191
333267
663798
636152
244621
838613
621496
353666
905093
183166
586506
755630
522187
558921
395946
293475
560549
508086
62422
150682
196719
439856
425244
792533
646161
870886
661999
569807
582535
319738
366562
211719
188388
149638
176932
549573
226682
756698
176304
807763
641072
786378
453843
156246
387592
742227
299938
646428
327047
573891
662197
412872
745822
690497
918047
87153
435816
320941
48713
323965
983989
834438
110664
936358
780730
572347
725486
333000
648742
552368
481471
619855
903776
695158
446991
856750
69139
197539
114667
898030
873494
551641
69781
577431
949819
785789
847763
509009
532774
527643
19387
7536
753341
309889
258483
41275
960162
158524
77390
414221
68719
382772
595212
441072
412237
739209
85072
271446
761106
762078
819168
899315
121049
846510
239469
817268
166476
488145
119926
827847
58488
111439
153100
233563
645821
58483
1711
827895
338885
292805
92400
534155
427971
748989
846548
698188
169191
142907
399309
972855
858681
300187
437516
20695
113222
668404
63828
269944
631226
585108
290471
709818
285846
579570
591450
138294
920913
667350
78384
225523
822520
566686
316710
473068
665539
82230
986255
616835
912202
408970
876353
924621
294780
334862
976257
513706
793933
645862
522545
859932
243230
184074
171582
518735
41217
523441
934269
703277
916254
871558
260721
407717
187000
902154
507251
160954
637248
505516
473973
696263
762070
23925
910925
19147
986351
677543
342952
241974
83411
279295
993164
404539
793636
600036
254918
858354
755862
657654
374106
185487
127028
340684
92369
493811
365372
535897
104602
888821
699703
436608
192979
911050
951641
936199
439208
763637
280762
986763
440078
924055
60306
999176
81843
605752
298489
995594
893853
775386
342304
275791
612175
435033
646726
387346
955369
824865
149755
730455
761373
545575
104682
174979
579395
772066
28664
991911
68990
178886
660009
570494
447254
100289
674966
425357
758837
140373
53479
338413
59413
571601
712076
259638
905913
311321
90309
320315
201581
515069
986264
848279
408076
660549
154192
292303
110208
292829
847213
944141
54286
515566
997490
569467
693414
839909
300896
622133
266447
27173
299268
595005
314148
411810
949880
121883
269376
151490
158847
519908
310764
900869
714949
638992
308301
769205
280460
488517
883035
851123
674811
620634
321583
282196
53951
423517
821131
488205
751204
25360
807309
954633
861408
326917
674847
669311
406340
216456
840333
224649
174325
969780
339444
82741
302695
971790
522349
967307
72147
595012
57501
797371
427909
603901
698951
773276
771828
692600
728882
972986
6963
583290
917702
812014
799399
718412
324103
886839
142123
144856
370606
594527
755915
366369
161373
802836
260342
439615
303038
180033
467716
680901
603047
5408
559688
624676
271263
531646
916761
149074
967817
716214
678036
857307
403571
234353
848829
589902
803827
946860
820164
697283
211083
902288
641776
359497
634577
789160
374039
489149
827853
339496
160004
834093
392276
507139
415114
93588
124764
924695
655749
94963
461842
712020
909944
20758
593088
762161
481970
294051
383038
811373
762965
599027
216815
603214
902126
406189
157746
215019
228385
358460
956982
619597
441206
535789
229360
579430
751667
39564
50496
316047
969967
923949
602396
409164
317053
553052
923501
781957
568292
710192
544810
474578
432652
760378
282160
689658
647400
640636
596029
999857
577177
154345
912222
651399
213522
161331
885956
814985
152929
380706
375919
920497
968145
44459
785781
748180
259103
629441
139558
14999
550524
719076
738638
2131
817154
652855
852109
465331
306519
806397
992117
595245
465527
93862
566023
606866
718548
105865
640519
298391
801737
316549
626020
376541
306889
972115
97359
573153
312039
914242
679847
106560
537880
656602
431645
456375
775265
482725
44818
80661
988911
742493
583642
877301
910481
255268
177129
443086
450360
406181
744078
129924
781411
267189
782804
343287
37534
838073
351491
32349
757232
324543
242303
301856
842885
99817
11083
110681
133846
610520
29374
918759
454724
293576
563929
139626
672784
813422
754727
185636
771576
501597
607394
93683
939571
583399
47149
272905
225686
573221
995577
821212
832437
665414
24641
763043
226061
604754
52749
504129
379815
439549
699677
209969
568274
691008
132852
361352
156232
383393
515197
287904
324103
331530
756871
116917
903530
667252
389459
291301
909841
766503
642031
301626
906181
424652
907172
633907
897135
869968
531954
30651
188141
225273
292667
551054
560798
797732
859367
886558
489537
17400
273132
911859
486872
87554
15408
145906
166660
629889
39537
514669
154672
371417
976278
471440
15394
51159
570494
928545
308067
195552
787330
588504
670521
881681
265935
548985
519534
876503
340644
338757
737923
162108
375828
5069
126053
707226
909625
38318
11360
566907
451368
907658
433082
98166
193916
24254
856293
335535
971064
451916
436823
611604
611859
163080
511111
860985
155164
932793
965359
939525
774088
807908
137265
701188
506649
780463
4397
677595
153825
151842
923549
744003
373313
503338
101886
646283
581207
301488
30846
498926
147000
574315
946956
656879
804239
610275
133336
425736
351547
1491
770735
831878
201749
123793
828469
870779
370655
797164
495111
473103
636154
178803
398762
611854
540978
270733
859081
509301
353687
100334
186961
886254
289980
273845
917138
819579
143537
488151
697923
939306
921151
956307
43219
848090
89244
63369
191532
251724
726073
300404
147992
383367
680248
933518
228897
685805
356720
996562
295176
431359
980093
134830
176218
93098
698049
378163
272788
603105
589656
739383
688047
773951
909174
92562
169107
763412
522320
106995
710721
600805
289078
736730
113
918567
37067
351438
302465
326868
346804
654266
865576
135377
448279
709996
59863
589948
360267
65415
457854
266367
758072
591158
187812
76751
660126
384231
886565
424291
265360
542338
777661
228230
994631
482128
166085
310359
628452
766384
514561
625310
680518
376526
722414
156481
542863
20334
404972
689131
638934
44429
32070
321783
331135
437488
430495
687164
303021
497530
169086
940377
593497
283024
332333
392634
322725
66247
681158
931192
563490
92220
373590
162933
617867
725600
252391
197540
918306
179078
749184
371275
155078
427354
427279
958703
478690
787179
906152
378479
251809
706215
372112
974142
576406
814523
994025
473465
318763
906646
460931
329249
55714
904022
175147
534049
166792
558411
318658
158388
791900
616179
137877
111797
93432
625025
294559
623376
607855
674387
217383
415084
818577
880264
109586
283411
247986
953938
678751
92823
290360
432849
49088
600456
365772
761533
539007
538885
802690
193885
689095
932565
245607
349986
470687
413914
536274
893995
606686
113048
138458
409771
8659
869844
153077
606289
318004
360657
231395
996991
895228
366388
491453
56634
801028
143270
352628
528699
828308
54173
847932
789848
467060
215159
316982
54154
93816
847535
356571
758841
173202
18165
882708
549646
694527
166734
785234
546129
830776
900740
370114
318108
934101
258560
433086
724993
44379
320292
339124
721515
84716
506382
587785
790798
448121
605042
703692
968922
72706
12611
640350
91640
20146
287346
424791
368385
425589
756508
97290
899393
329271
997813
622471
180703
772461
523143
544597
706093
938895
90908
176600
331865
226401
588816
847865
662397
285322
363369
692671
985323
967954
578502
993610
273829
34623
277531
183159
618134
320416
126360
13178
378508
695609
852908
349484
356354
263312
374050
552706
202076
325912
278694
716107
444532
864964
207014
257671
915438
17139
717669
757400
324798
701264
24396
789625
568008
773029
168467
799575
762232
788737
96943
333297
611454
603226
723178
942717
739881
319964
660359
89127
26759
390751
743783
702635
877076
432993
107429
900719
906450
23080
508675
396357
124320
591155
661931
705998
303851
137147
396896
725161
151794
847062
537975
178399
352582
815970
440054
962681
234469
974037
580567
590725
997275
381781
275439
162693
518357
103516
290323
246316
893795
762477
860298
228420
650290
119051
948492
939970
624515
842255
649080
378797
386881
112298
780159
234824
76040
128055
251495
394812
842402
743385
959418
136907
691761
187356
629582
573946
459799
818091
969358
813924
118212
77356
474450
259618
78191
356997
104976
833257
325288
379700
212021
920528
895156
876252
658152
178390
730243
133492
658656
227176
839463
28553
49478
871732
422112
45717
752560
948254
732812
45259
289984
511725
244228
729727
178883
76217
287241
349537
88192
391634
152599
68227
701574
633761
62994
634874
716464
45787
249272
352032
324007
758403
323294
632445
566718
557195
368151
132737
480495
274716
530814
979795
128739
322723
908871
354044
62546
879145
217826
941002
124080
741362
907559
218989
239243
269686
758951
56794
640690
560134
699934
761855
733013
968513
139215
647012
233739
742311
173498
886177
888685
966260
40475
795703
517501
464265
570073
80401
417458
69787
85395
87504
754705
591293
465383
966398
825359
258279
812250
905454
867733
930903
356824
906845
464540
157672
290502
452521
58892
517016
109988
805896
229121
874682
167466
772384
378560
188294
162206
249337
952720
721052
794456
439166
787936
550471
993599
973730
312890
276860
401795
30132
250083
659036
639794
479947
317844
885414
550991
633511
550733
162545
26817
52332
409824
920998
780358
279937
972769
800982
390744
766729
145689
354803
879191
940793
640121
444828
792098
138757
583765
307463
579715
544590
908659
726340
984624
649441
850601
224118
829910
960990
199734
68796
831128
859558
166628
742153
803366
373431
568056
479956
299315
734736
901122
623998
323835
77875
760221
855353
509516
332086
764690
877372
617536
829658
546837
464917
745680
931289
387895
807005
191826
63374
116097
78195
490730
197923
220534
41169
455669
632862
673256
729669
756478
979966
782782
97883
837896
750926
231882
779461
802074
216422
534396
217261
788190
42703
146069
728281
276370
877395
316926
147171
62455
896590
426311
169681
453605
748045
893313
229617
460818
434577
331093
400929
764083
507741
156277
649911
53741
137604
251748
721494
453401
658901
155862
554005
800334
613752
918418
201053
345091
417672
999439
524391
85976
874400
895297
61991
674556
326214
369349
932976
435738
96430
526765
467161
214744
25772
34673
809430
728225
291871
544979
630663
799434
383948
370926
103716
405254
934977
684608
842304
46670
155867
299289
444735
511618
206325
794643
404700
522925
791353
663896
546396
503082
774146
89421
817595
385556
722223
58186
137605
186080
299565
936986
27804
968975
768197
914269
823675
155211
410055
799465
192604
579538
755131
93292
146827
958674
73346
552898
581768
316874
942225
366315
989611
12104
101781
479792
760107
11645
176110
320030
63958
529381
247830
658391
827434
568066
684774
528992
398707
560938
285736
574185
746596
809378
537684
429146
332459
875261
536485
610271
252091
241915
175790
54801
239640
22131
965169
588726
265167
696637
947060
675926
669905
87805
761864
919092
332120
853409
751428
41638
416020
192650
254278
880411
886369
890496
21997
454448
328023
864713
560312
843479
412457
553944
29776
940787
650610
238838
216837
674599
975002
421482
103884
216532
667670
241074
391478
49620
503865
216489
41252
983105
537764
986172
329016
587372
556837
807312
123423
838579
900836
828990
898614
309756
896735
892239
839181
845397
460217
957305
640579
469876
796667
833694
417210
799895
900269
898050
643371
709942
893905
502513
430647
143256
624658
270468
926197
451003
922669
687960
663827
502
994749
272377
873325
392315
224664
137012
717583
194407
578030
479982
693342
618774
533752
778823
631393
838087
341020
687199
314813
344215
91805
649664
983371
761828
643759
627980
286717
607895
254618
48246
745022
652101
628518
949692
403358
557515
654975
421459
415216
753047
439804
183662
54973
353152
685058
620582
440543
182169
850577
284893
78816
197132
203059
158964
646353
211478
679615
25857
178826
294701
888808
667203
729741
53297
282724
946570
990065
440726
436853
333556
239538
922006
498323
177261
310425
203572
542849
877356
256952
858028
983379
31867
373096
466599
896527
357613
751005
588757
137976
59084
746218
95109
473146
495514
608361
14183
882613
342919
871595
322165
174270
497459
963772
1032
255790
429366
150844
509208
140192
471382
370476
500662
230877
807922
437615
457549
578411
650440
290024
108357
234273
316011
259293
293839
84713
44143
34023
605323
695204
209428
625528
383774
910193
900691
380322
829675
597439
182084
435818
177906
362019
779795
309389
950060
661701
869803
145870
949443
713519
214455
335673
845782
224338
998873
852386
199338
147520
494820
901553
538590
939022
80304
3790
56180
164959
404857
885056
677229
96121
825207
786661
512680
600936
43251
621586
22685
224078
549655
536300
365319
287592
685220
513453
382985
53076
634878
470828
7607
860375
652538
924187
631166
365324
740899
922947
842762
179996
455687
87195
244269
823298
719018
30176
918091
53970
738417
851621
710267
805655
387983
765034
264198
607440
437557
245470
541726
345933
607046
83145
14219
171443
119088
229754
676987
566000
203803
171544
613362
603776
968677
492204
378485
631097
478302
137366
75277
474889
555710
410788
205937
691502
907192
891075
752735
855331
377620
50929
52405
686956
677172
267373
669501
652503
786782
898175
928004
425750
880245
431588
17807
507466
618985
685388
272933
350731
592753
672455
569071
567024
702707
809190
668950
495588
12341
592616
201057
13447
685262
199037
842008
263460
955077
409043
865171
529484
226492
271407
387654
811970
340151
527242
889748
486123
695801
895850
650415
750779
10161
546128
223793
187315
38623
913868
173874
559531
656208
402527
58019
499619
200332
169624
166324
794217
615310
752117
698706
911371
600334
964318
277143
931080
350118
647574
480518
412652
308035
461926
551311
523543
479218
426568
860513
316974
701830
894638
877531
82080
468689
569757
570464
32254
652759
561479
18936
131000
815440
364718
693834
124995
909795
78630
277943
603161
470185
968926
323262
514518
867407
376698
10076
439426
648460
561348
285021
232856
173573
421034
763965
867802
820028
163385
270109
407299
923024
379455
939483
997537
362535
442666
942482
763118
725217
244362
813945
914479
835556
173792
783393
764098
692563
745354
235734
441231
360198
37835
583214
392506
137553
116559
631099
988219
374
440003
452882
418732
763515
681372
35868
381915
652497
872321
620612
720928
860662
707200
708163
550078
426062
232060
350177
410947
602696
346432
280239
122624
301345
190377
353319
782164
807387
649468
325891
727577
571929
233972
49746
188305
245542
837933
937194
844720
527376
184049
784458
748971
985686
327965
944751
687099
869607
838664
619203
269139
154452
48196
510642
16415
51685
1722
526119
282213
56905
876469
936140
159321
14429
960472
185665
377854
288658
678775
979315
347839
813224
770796
729829
42483
486204
682932
116551
81162
511857
678647
868981
664209
782102
809613
258700
978409
820055
751784
383672
135187
399909
777464
528731
469537
181322
647606
566294
91781
52218
77728
736829
61841
43801
934648
17705
294188
70976
758973
138544
785576
958296
807099
854511
780808
171700
952012
972961
203871
331688
823886
922581
399938
115199
539900
420499
817196
904416
136686
977136
752842
732115
819237
690284
465763
836989
437256
925639
222541
354478
978739
822250
473397
315679
38370
721459
737467
577476
309305
259240
239004
57276
274621
378911
869377
716387
192728
345957
250410
337387
732680
495625
127527
637915
456298
63141
869525
396238
96683
789256
505535
744748
481833
572928
648954
694351
202368
148517
503719
326091
111071
401266
519638
919558
461561
794353
769520
384514
211246
424228
381845
243567
945160
961927
18414
796782
789132
778308
634493
88444
710929
593561
542500
324960
469040
286637
168663
738384
722579
183555
817115
711713
70873
164336
203905
283357
601256
249656
799561
989526
892614
379719
556851
367922
43887
945415
318249
86725
883131
915826
413447
233188
847616
380716
197591
382477
208912
97278
933259
478075
257800
106696
850679
742524
994433
202624
992106
454875
103414
7263
157638
420519
765297
308650
230083
598585
19816
982966
147916
193613
660177
40453
298126
748684
807744
801762
921383
283142
865848
537661
159313
408904
182110
410569
740637
271286
746483
407968
962355
101553
216887
174797
495369
49118
150161
341303
797476
360474
272506
6042
440139
764697
490987
109045
575817
769351
965391
557408
4600
238768
195993
928714
194971
394759
905657
759119
289412
441539
275224
11644
374433
523002
429644
326307
129773
796579
758625
280975
811753
384501
47928
672919
558
699313
538643
400880
900914
343218
395316
355200
57029
420217
879673
60117
950641
740101
4
294981
170639
657324
207142
766642
499833
784317
507180
136891
931192
702347
439626
116792
678032
513939
345069
807559
30484
178154
704060
92969
555614
773199
173782
217543
248393
442023
684804
3815
703748
30332
961118
571202
664411
137309
730945
549686
747033
104266
528073
112169
398622
155116
104709
143851
668093
184258
102943
160764
527448
996666
377780
524047
746697
110685
616023
691575
990033
765492
508090
432828
976168
364984
181826
102874
240059
630964
794085
108774
794124
882921
672405
162387
831519
690121
625497
575045
101273
881457
723542
126625
51346
957084
876847
140104
745972
470889
141573
862912
499773
308247
325151
309265
998493
825523
485359
375277
92284
963345
353436
738867
401006
161080
293397
998940
58748
502840
789228
711216
818225
447998
848606
612758
253704
301565
314833
204481
155912
297148
468762
402777
874044
299187
641742
98334
295996
332244
177896
122808
613836
566408
748506
169270
118656
506269
773055
442747
238886
231003
656813
283393
524804
961615
81406
200025
774804
735235
203518
100706
147425
519627
431195
634869
626811
872783
31911
630623
570187
707031
809703
915511
811753
882443
807085
808220
465117
989151
290122
990009
585477
168327
537613
746080
66981
875344
122549
892736
915874
699414
198815
654340
443620
373538
55488
645497
936062
16063
181927
883194
483371
458218
434045
876672
849964
983294
297973
449888
474573
264671
228434
890789
446725
253050
157031
142382
406877
688631
73134
390244
407566
217311
383808
756556
670692
959135
364656
135682
500755
852385
26727
614797
367943
212095
773225
521343
248519
390980
706281
596476
876461
586002
927845
68574
206058
467606
961747
121585
572920
487994
142311
487102
290487
736223
732593
548724
331637
954164
441846
436075
712853
734515
89734
835105
663776
998313
48708
345877
995914
347483
212890
612474
583866
788828
836188
779143
400365
11719
28864
562182
885260
823458
582250
582724
438416
820460
826935
916867
992385
248722
275591
644967
399451
671846
680233
511821
872631
632599
319422
294085
328215
91833
931601
549494
423655
668625
649731
770997
543928
248534
241590
244126
116014
625240
262049
642624
444352
241010
571133
311091
646836
584755
642743
366552
496331
330895
783532
655921
401318
963180
120353
283777
116518
630137
501046
720546
692917
420130
331452
697671
336190
415980
70508
919029
29039
594385
427832
156492
302006
526961
526410
248906
154509
227327
409587
815056
403860
247840
515928
887518
993386
533086
351358
837765
348890
727806
56783
546410
685876
187812
333927
204620
933174
423928
27516
687916
505483
860442
409994
8654
232312
463633
399018
922020
364886
311288
679377
999032
802189
63750
515726
872224
634857
877364
286718
14584
452487
847265
430439
846701
538025
909826
397265
178621
701219
306134
262055
350209
555914
401598
995610
610845
101836
47886
255144
310670
800335
391654
536572
55625
732365
33894
112214
130578
696124
197644
521290
902922
160244
442226
256801
400453
643780
805500
785799
134288
976575
443542
111159
21581
704162
655339
151491
627816
121636
383796
996349
451998
480055
83397
618066
275056
632224
269485
499722
418664
263138
664999
34687
857998
518336
137621
686332
839089
610118
273148
665835
541561
743384
574218
993779
514667
285993
314714
390768
176356
163096
774876
873752
67816
347253
684525
110939
466544
496417
637240
908101
907393
993250
586057
393601
583975
835207
832572
996876
664661
756887
639366
859532
262716
66632
509697
442741
607244
803957
596330
145358
706272
785039
746652
848775
775186
178118
304867
710649
158557
167064
383543
346327
778164
505289
488483
709837
553969
795110
644172
919764
453592
597722
809414
625312
303081
886135
807888
762000
584807
720320
768553
635240
739158
457630
292929
951737
372371
154791
948283
112770
477735
89659
46934
232635
549672
104203
251367
878189
373430
321457
442850
682905
268121
43620
292458
561257
117467
41594
651778
822613
918696
81277
138313
274560
762308
124427
898091
198769
356279
344067
637473
267824
681398
486395
460853
635155
518800
87423
535108
107343
986257
910590
401243
754190
700200
459803
359933
886347
156056
101048
931426
41004
53518
721556
870791
642113
451162
329943
116857
286067
228431
422368
259755
668117
584103
165283
473120
556167
63952
403340
904869
97380
678573
178733
960697
147945
945677
402463
989113
580359
766913
108090
301540
962575
523906
88942
813195
336965
271573
76802
808335
817132
552069
714176
519041
40415
11640
800258
342176
268313
246110
967676
444610
718335
433881
356631
389844
854407
172123
904134
970852
614356
288788
358457
775941
936597
933948
433031
688920
225353
650573
620388
87581
108206
81521
911662
794121
571587
35617
373199
52174
604825
651181
100706
736774
418443
608365
505524
315903
555052
514905
352576
681208
24715
12720
735170
174638
112480
260281
802344
445064
145391
787533
600700
685277
858021
498290
292253
261518
788322
293422
44677
510041
179939
940323
922050
325567
322791
263768
681537
747292
149072
495623
521439
948594
319122
748346
85548
156646
299806
240339
10357
696511
678177
56756
302950
349658
191239
780785
255699
466045
203447
888970
725194
354096
103613
922012
73020
391550
712135
517929
488302
64838
695144
689925
683055
257679
220981
515511
330133
969971
914610
346632
463385
633012
576641
492317
462383
763471
373384
80821
718732
773622
480885
123974
241709
555775
855101
483278
464498
176593
931103
104875
395312
67409
592848
819086
262040
695295
980750
679212
489499
595519
236773
923601
622113
185756
895661
673446
241537
928785
464695
818957
7185
152466
194245
861700
769343
570207
258905
273989
828695
554888
907405
407387
248394
110596
293424
458457
75541
796254
975063
553149
787395
867829
732169
326523
516675
692492
560085
686586
430231
711085
95895
861567
832513
398638
505674
35610
42970
299598
578987
438310
112850
738341
115151
571825
982030
759812
961930
852840
506746
223033
634876
203767
188506
205999
531431
970111
744354
57378
192937
406901
984936
656979
121659
898056
268395
362450
102027
510611
324621
446416
728537
517053
30925
493253
9728
289105
467660
444628
432722
252309
832162
631723
7862
772099
509542
867641
56942
75159
892408
673572
758838
662741
943334
66752
214911
645797
476363
954231
868552
62885
332702
925026
636861
9859
907509
422863
174119
592255
652412
610862
438661
968353
196772
312195
387320
657077
799728
712031
145608
785451
731346
708883
177876
402868
666366
938303
837073
179004
441921
598982
705318
594881
708595
489483
838026
915345
641173
721624
776079
343390
472556
947637
226765
645660
274147
974097
349310
934951
849560
15979
61073
466517
477997
183513
310023
460428
329322
275096
277790
770199
428716
817319
519308
33856
325383
326032
37345
783650
386203
519213
181904
36605
847347
592553
664025
69272
447835
408900
822296
712635
17773
101651
333901
516783
443065
814915
715141
773092
897926
889268
742890
620843
794554
660393
129235
897050
747982
943116
503027
715911
686614
760464
413279
389402
187594
683491
606690
524179
460930
767844
815591
569057
930595
646922
874578
680303
385221
127902
100087
620407
848971
193015
987310
254185
439495
75729
610128
675665
811656
98286
874062
600759
99292
212999
332831
61680
945938
341566
430018
54842
706723
657371
957512
990182
457136
116561
850278
429473
96895
178517
964490
658171
195215
957699
969188
385624
802485
510678
811460
39053
83436
99342
590328
229692
269076
909523
202387
921242
355860
129033
594851
985013
558005
62375
765776
710906
839690
941366
9168
945667
505783
621728
545826
503916
721238
230721
292625
928088
846971
999955
708930
202765
734080
479081
607901
560547
855231
990790
384973
307416
546790
529367
720426
239585
35658
682973
828833
67582
452393
286208
584765
938533
998096
661246
359718
253483
730246
660848
596174
213704
721617
510101
153018
436368
70466
752251
654691
789795
757985
500744
727271
195851
158958
48086
222598
626435
613366
682418
371344
467826
338080
472174
678868
575075
553925
171023
900960
287034
381484
141505
814094
704917
773499
421096
427600
564636
112198
27191
752893
710496
743088
983554
154188
323912
18903
820671
864248
751820
718780
416316
287676
728140
960939
831089
28461
585167
160955
251206
841395
786933
223431
525181
655527
596523
154305
108283
839020
247124
826074
784396
16572
927235
328587
287430
289967
546787
584355
443815
967564
111406
218975
472121
624599
675359
909327
873499
149755
248690
889307
838323
623419
653007
61688
147038
91573
303879
834448
660114
591893
61587
774842
651064
678342
645634
591546
463312
949588
137965
419399
665712
71518
720919
123969
889100
606812
307065
313073
757087
193066
504610
284130
256094
346034
336864
939595
246603
837856
830711
66805
936026
990506
438122
607193
9484
646664
858908
176453
622504
453315
365682
582335
823725
722712
135577
758170
836814
230100
412193
473128
884116
923105
741682
964215
156602
205071
586258
581837
264273
447842
731161
565283
843676
695888
779250
473899
219131
379773
434693
712800
687460
963943
939755
307099
971708
243006
844077
599206
769027
549898
42051
854152
648304
893953
611716
692723
105102
495916
265898
647142
74509
462794
509238
1045
247601
401723
86675
70802
549372
505405
751817
212585
174393
846183
238452
126810
896050
545035
277254
788742
5678
176951
874020
271866
238758
522691
425668
413962
728126
785569
23622
381593
777719
187037
541330
857726
658433
313482
107348
936513
191728
938888
178340
192386
73274
910069
284590
753706
649200
484664
120485
551679
87559
127646
50328
793636
561001
631302
148394
534207
619401
656857
879808
983821
234145
414232
759977
199870
249406
315702
457526
281645
575494
219144
333902
538768
133095
616444
277429
950121
262163
230129
136761
132024
455605
315269
866987
705318
210162
717949
344902
426913
722646
604043
27474
727072
305791
857285
607503
880828
101653
352131
317340
894119
979408
933377
340750
464687
105723
87800
888991
701251
753258
968303
833747
622261
408366
300045
587204
927924
207375
219915
382959
563710
187992
606463
300227
911309
25225
105001
691005
551510
463062
583834
494675
457487
310095
57861
682382
438233
772812
306505
682124
526485
616452
795336
834636
564089
421783
919334
547607
918467
438903
23268
197449
804339
812367
527880
441083
323829
157285
968493
180751
215650
823942
151225
453443
275229
26989
351708
351056
324708
21659
556614
113383
247344
992071
191211
832034
77015
153232
306156
81651
322307
660569
825966
354611
959806
150527
999534
107456
690087
137521
120035
467016
22774
180897
926964
775323
986305
949327
308700
674612
618926
460371
747769
113735
138565
391951
882550
906641
581258
718938
433275
854639
105008
807577
727765
515032
710643
972321
106801
961421
535084
854895
822823
182417
467459
701005
943978
973508
969196
775745
165586
120663
589923
728190
211200
838262
995500
841248
722908
475851
423082
691958
660770
903721
756857
828154
19600
504954
191374
726650
838070
847720
858701
633243
922847
355919
307429
872449
584498
994592
759973
438689
376232
473337
306704
740649
744224
426741
214752
738023
358983
485280
912664
817209
842331
493744
834014
546272
584833
452279
885501
980988
977455
823935
972218
293268
848425
78668
471476
573199
159856
513853
45039
150848
367889
117120
109484
717210
906071
3969
249889
219079
400896
373343
646975
112263
412036
316023
778234
165967
732025
147386
519741
662058
319547
253018
879026
139007
499175
557768
718489
780634
646712
994292
106632
731497
771620
429130
944116
605867
704408
55594
895175
834778
512459
346885
93173
660359
104415
279663
471170
387023
10326
697801
607124
53533
322375
322808
156053
975168
710204
552554
390230
660514
531450
476896
99344
121416
308429
24987
172097
961523
712393
283911
863585
866315
493111
658010
209184
716560
556330
988018
920031
218488
809572
485589
224072
838285
116035
283591
562793
475257
300112
382493
647390
20819
321881
377711
580825
180417
563421
835230
348685
518900
288166
732962
649872
316704
862901
484153
28370
960575
797701
621778
633786
240124
127876
555071
699697
576459
593068
106330
211375
611709
999191
920891
920262
622811
992928
410720
794028
471733
478154
370934
621565
384989
252511
768656
786857
209008
256387
448947
554974
955336
544636
591919
321847
207780
36549
966627
612211
918267
80231
506809
29385
651104
40078
466748
346763
626634
621694
190785
794116
782269
840999
91696
774502
259534
666448
366604
402887
189780
219110
817822
377588
378274
32722
433340
81804
979431
37022
202457
133988
338946
157253
524695
589084
44009
591188
860469
179115
624978
216216
44244
104779
286940
471918
530568
584100
672718
917192
203481
591941
421995
963015
644369
631050
655550
755366
568420
1134
418861
237557
513867
745134
707980
609877
563129
814605
185810
746366
442966
791259
831867
272428
754330
947853
195913
157222
36347
418179
930208
78472
568130
675934
603139
629070
998048
211957
551806
607007
432349
734968
649372
311669
831882
310471
874891
555987
858370
767347
706490
879045
967413
595275
533729
809052
950253
405452
215736
720109
449532
281929
822386
979172
554826
894343
258064
632202
11873
10144
799191
279921
70747
844207
899032
611025
910966
964316
311761
283192
413921
319808
510919
449911
169564
568512
436989
520449
942234
899159
34335
142862
97120
135163
396153
802676
113240
958635
399822
433757
252440
43192
680436
589488
585221
771294
342792
930313
658683
285501
897070
40029
583354
39367
417484
4187
107684
910084
253888
419695
548563
761841
264494
359440
202436
124522
555657
911016
540458
279283
140316
916669
494449
756732
447573
820659
328993
539074
568640
670911
922001
747044
10305
577750
558175
258606
341869
647312
604666
967561
482462
603454
79847
562346
156060
157458
306343
798962
434238
91183
512762
975540
544568
937698
908050
943565
449530
706382
608598
704030
882480
732663
965298
682517
853723
487555
11524
270144
642620
699288
903912
115118
406892
668503
376658
804524
725309
38502
902779
846353
123150
408543
405362
765852
564412
797641
327348
193285
150036
136403
375800
755831
895766
198539
3199
530766
834763
63997
497015
111156
390032
404763
151817
44730
88358
497161
25509
447566
606192
417698
95514
93488
832081
367640
347833
433201
531873
753191
708410
384873
164146
377741
660432
216184
808579
470513
341538
774098
618040
703105
335325
532230
518875
150232
42854
928693
8677
454629
699447
789508
115460
688720
7499
996421
42268
9947
325314
21173
316811
617406
874381
994228
249588
716913
667927
800000
162616
90175
512915
610177
575458
85966
931746
642595
189313
39930
391538
92716
17950
908151
50272
303353
944872
174779
295222
898386
428102
8431
744183
114197
812014
243934
213401
793652
22615
770050
202578
711245
443828
201681
229708
728189
917153
894722
858651
131543
370648
155512
511821
144262
768081
912749
281851
972954
877693
10413
854814
686557
121167
82658
232647
131236
513518
720398
189282
657793
490855
35523
538479
104950
352112
908179
388517
806687
856304
823831
556319
622983
266481
195019
169169
918705
466808
910476
615180
7185
307929
30282
143094
585542
833164
215642
400332
341212
952394
498096
623221
847172
348447
319607
324223
77335
808889
752553
610897
398985
56925
824119
172096
322872
506373
497230
463009
508108
539562
762571
650801
435706
1369
53926
174054
256491
892067
459508
434827
960820
934952
390310
883679
611172
773134
672104
76233
516626
652477
128434
385626
844403
775998
997421
21960
636448
702365
843742
415537
431989
282712
298205
134778
817031
492562
728338
219680
266050
50796
205019
613385
552147
860683
849961
244037
967254
999214
47468
117949
20897
432950
353483
431251
19926
159661
417540
28537
968517
801177
147986
900461
289566
152356
693791
329102
234530
581205
111948
241107
740131
676898
556844
134496
696125
898829
932910
424594
624417
872160
878539
675615
389655
893629
640277
901685
768321
276594
1333
147859
742886
770513
670105
245705
870719
506547
311182
520926
76328
870472
754734
172410
34432
844590
805200
920659
891820
254715
314828
935617
226887
824384
208116
677861
806649
945246
209383
463026
617100
657884
747976
349276
196161
511881
793237
732067
302276
2065
285157
347176
807643
436303
383698
424845
75724
443934
507410
816241
125154
767158
703519
477631
24602
947915
8963
596766
879098
158985
482417
85789
374557
206172
59387
176928
789869
294990
198832
628827
559340
986293
11391
886639
865683
17056
32311
348715
939839
581517
990729
653439
120598
938454
886454
824328
123567
555996
451396
259960
993917
855500
297681
236752
118922
63931
21951
23733
957328
202365
450101
715747
498937
846004
956177
584185
987040
877261
600822
333512
496404
908362
991421
277444
876191
576707
746666
262035
32907
121599
278148
612551
711925
449978
299137
464265
610051
369323
971445
203844
662314
992396
758953
641962
366442
982178
719244
251692
556368
347646
580671
833706
6885
944369
959799
141968
354367
746448
838445
81955
28105
522054
567167
161207
297400
54111
896131
489227
127493
270928
860661
806030
787794
987327
783553
227001
31676
721949
255545
560132
741396
448526
451383
712080
427194
244053
103012
521159
589230
590651
543501
863677
501174
49341
15692
433320
750675
880685
466543
72499
936648
994398
401051
916563
121609
479312
249028
314077
841723
544906
735459
33002
12343
512933
965071
478188
990927
79667
814051
498541
68478
140345
745023
945608
638141
427237
83441
324770
67907
239489
354396
45827
228622
723514
480360
326191
417199
940521
648176
744854
76053
115984
380772
918381
533564
751881
961649
579965
536632
807503
292177
344235
969656
137703
551964
842526
300298
476275
616050
540687
976666
613381
167542
288816
630022
487794
607558
377111
345478
557748
865580
251625
178514
86195
169993
309565
17182
892152
28995
696109
859901
313141
209041
737309
355803
485863
280937
465517
699487
178206
893255
635632
295852
440042
861723
978591
558905
819067
668024
391957
856425
397249
930308
447639
428553
948803
987940
698385
338316
197542
876854
515880
146835
806469
19051
708399
444347
587100
287398
808010
707291
364118
258352
173175
983469
916477
820173
695975
997487
314220
767423
67345
988349
857693
489936
843660
745919
528941
858885
580505
856998
336057
780046
935612
607996
377522
412367
311818
683996
656503
276933
927644
353785
257239
367354
479112
315862
992824
157599
256163
453842
825179
474985
272148
325366
645517
323452
992806
585920
705516
235185
353837
231696
650818
871250
178507
530145
563726
758471
571821
496319
806371
629183
551527
634510
720179
580508
708502
866229
265871
603867
657981
914159
649451
972178
882881
113045
274104
346026
477121
754940
513422
66294
415505
419734
898032
90412
645780
270856
657037
649446
933014
572173
106975
676358
395559
786942
38357
922587
554454
165352
927186
397730
517482
339330
661308
551785
621495
19538
479331
398527
187959
661940
441011
772278
123861
258967
19833
597042
355434
948858
966763
267798
727195
337753
219615
583549
846031
633072
575286
204373
145056
336139
708412
221521
627706
498282
498643
755645
807130
889910
793317
902411
954669
90623
531879
282385
628588
639671
297291
218743
89092
206070
462776
544504
319835
909954
890483
359167
462200
962253
261450
106570
457415
174546
824433
519474
307496
379936
534927
576523
657002
980533
898876
491238
344990
635045
996624
800988
743247
124133
30115
325966
880532
598759
772151
955677
880079
984345
673088
819477
504090
952545
361433
517120
946958
386314
47371
852243
657107
799491
78021
112261
26808
738584
918340
669874
751935
285844
154468
601340
142363
732379
152506
730846
652933
355656
506305
738216
90328
572398
340965
309325
316592
354695
288499
801660
129501
744199
381546
453623
141105
367866
524895
430481
67299
998028
366181
377042
333590
805731
97524
988428
119641
128417
442478
577411
348315
835864
477110
927858
771499
776402
78519
764708
903490
140826
901937
455523
601747
164321
404303
850635
735856
306053
9842
471162
650270
248832
7685
17733
460685
286488
636884
774904
159093
365821
242829
890582
896185
308848
146487
543570
771860
333965
472523
107803
563252
393948
991330
560542
860231
556936
354177
706784
794197
851987
873037
863551
154073
605740
910990
978889
574656
43501
778224
244074
232001
970843
51058
944687
6982
250270
235687
747984
548638
558576
28101
659691
644456
635104
665203
604000
363059
598666
156318
869851
348836
874024
300608
628221
718297
986217
82364
158436
356892
382438
675109
112065
552870
434954
901634
426484
47044
700755
159081
488046
868907
788194
680043
846728
583182
165154
998497
814289
356826
244868
17220
163574
610755
969760
688895
138692
355608
324123
831888
586058
54773
225610
585985
710987
980372
713540
839236
621356
803260
832086
610838
47960
121516
728647
188417
854994
474519
669243
797459
252397
405185
152427
683066
410596
159080
587293
344767
236130
549890
64019
928599
773194
801065
88025
630422
405918
325092
550273
184812
515036
246231
990392
538276
478009
699542
789549
508082
961929
804977
135923
86812
205167
512339
493391
694900
160953
69105
436012
856775
834329
487688
973553
618423
935707
522956
186600
825295
15946
536151
19290
382627
517647
817376
661781
537745
224285
667217
477948
248718
625115
799612
253064
395442
503094
749024
432481
118618
722125
655179
513025
832249
738738
869740
378205
232691
91004
505427
997971
767018
399113
105813
706352
734599
85286
156042
274363
276927
809622
425006
997414
82682
243870
653708
63140
223843
679114
865078
745218
343146
587237
698548
316036
393401
513854
203879
785359
679394
175367
156205
857589
658844
558791
990541
899991
386235
808148
329962
144838
15598
901200
764321
253310
507801
933276
106516
839856
514847
507075
704397
904711
244602
379130
294049
952591
646949
778472
593115
36531
155447
877515
645070
147198
228727
713377
261898
905006
887402
71838
159678
899082
744068
218798
924290
119289
89753
363413
363861
901394
772480
919194
664384
177594
984441
771754
897368
790056
100813
781829
40406
251765
861029
845541
16190
882658
619759
936726
698686
948329
534797
933879
893909
332590
768488
243990
167604
467574
247491
807385
166276
124792
387164
537919
765451
778495
481104
435212
492242
885722
145296
235183
353864
792188
459681
276059
603719
175784
998928
76327
2098
995167
37111
777553
228127
430801
450471
487340
412291
487412
796430
22269
548164
573812
714624
476596
943472
52416
542879
99583
23157
588978
152303
656875
331446
861465
733935
560602
475703
975247
115170
821287
64172
589468
786906
567674
523413
971230
394799
806100
718876
414695
874694
17142
134288
33627
340267
201568
367458
941505
722181
574930
85607
242907
538342
549096
912372
430625
534930
572540
999987
608995
255968
833687
735444
882985
137130
971995
600646
170796
727455
80565
832215
869688
58515
869149
741791
336375
168826
143117
997872
467279
889988
240514
449762
134445
182132
573738
761245
453359
573908
10684
647161
859749
286961
606806
735495
690298
115901
166135
816311
388069
102868
220161
316637
108674
364619
644895
61515
680990
222232
456397
5796
910273
756453
479416
137190
778265
359525
81802
833079
738850
277909
753908
101498
217819
68826
389763
38769
912318
727595
443146
520498
128467
533288
512572
682834
280140
710315
364250
831279
303134
655769
576729
71862
129421
704751
546875
5900
884440
300335
779437
843856
987080
626549
243254
155720
102146
399690
398155
693100
19564
459592
627134
700482
678058
675397
509442
156427
608921
634204
373466
539759
242025
177818
379127
716438
763272
788840
711991
130146
524068
449913
395727
349502
632377
40387
541362
485736
54250
118132
575613
414175
884076
719873
255994
708622
971286
712854
602976
892275
719828
964357
154995
204572
58938
926683
198273
491833
674778
467773
967523
969095
369731
98465
547504
377770
688561
923307
898805
413073
619312
65565
81412
945830
93338
949211
582254
390041
642395
795646
797434
742233
134339
832942
672342
510168
716263
376394
66354
104601
194623
297500
882233
240257
859819
203111
652673
90430
525870
287366
55915
966320
896884
4146
158156
554151
407700
42029
664184
441363
970734
770914
61938
196395
791442
518035
562142
403787
805434
296866
8561
302648
304821
437226
554493
850175
899996
66697
385105
9431
269354
203199
976194
205921
651420
631180
365844
305232
685513
363622
34738
4331
838924
710883
430141
207763
149423
188073
931799
65925
425666
476740
330373
285045
86535
83913
992763
990220
415605
883692
832690
423503
872663
108928
168518
275821
343957
434125
192077
547474
529540
996033
438195
276363
757945
514012
671088
779226
445019
322987
978035
461105
606894
518000
988276
241659
612061
954625
314021
733545
360952
689140
474187
672799
129971
596102
474915
953347
173550
677126
592954
141580
685708
561786
358441
566249
833551
394869
891068
428532
745356
583002
836250
19577
374760
51256
176439
362162
620558
704183
827345
496341
213985
141817
644428
759158
330694
488652
993010
758269
231668
227205
418178
521509
477673
661659
392649
30674
88237
614619
858947
620972
95802
286510
593713
188868
352264
831548
633669
170447
881294
502248
43319
845693
463522
239984
347288
322301
460006
275062
79809
204910
841867
899348
785861
328823
319598
104093
161635
75293
570142
77892
947329
289054
474360
102715
436565
525467
804151
529348
494870
453146
686439
122482
837453
965601
908436
837859
587784
600584
203699
582843
452876
177005
996961
257516
377052
308562
914817
510332
335486
84157
519859
979419
445843
58313
137519
613077
163109
79730
670959
801876
830467
835293
688911
649876
180683
596471
101831
781894
858673
669861
166383
942183
510332
67105
32968
245390
484347
274850
573363
721767
583444
545918
198189
863807
75014
439924
483918
626508
654532
263423
615704
763227
468235
139100
760738
446622
111079
156510
635712
321392
793274
889063
963506
838296
441077
24117
452880
180947
402645
213554
95460
287018
508
7748
686280
348128
370499
808153
685851
417477
670178
962028
726454
994092
362363
356296
530369
224805
179023
917715
632994
223633
995305
526212
292361
99583
426912
838446
466165
471649
244905
167896
851522
388291
959984
273557
459795
154788
176416
135698
379038
20131
787265
66793
800156
326384
101639
726767
69221
159144
431749
560337
486621
744800
549200
843183
338491
140082
444050
243368
25577
229233
221211
516557
791545
108073
753361
3320
41866
870331
895855
342939
93633
475265
838864
875424
139637
873480
646578
242339
925563
779961
165762
522720
41055
272139
418163
487039
914217
104522
269251
837094
972984
301884
191927
581856
809586
633001
85024
8138
945975
866727
367940
890291
843979
11081
424175
499719
904190
935008
667713
876282
31777
381406
397257
17660
616620
210096
806225
406989
994277
270414
206983
9520
749761
861489
159636
683020
660398
20625
307295
186350
280774
583287
460198
271615
463854
156851
516028
980924
560895
595777
364955
631546
450395
396467
647119
506714
644159
260172
52131
991958
998286
359515
17125
69144
722966
441496
687114
882486
525440
99291
609434
650248
33286
846140
198175
310519
283172
285581
311785
788972
533356
290748
634925
966213
427700
868300
179326
345180
552088
211617
255791
368651
704086
78828
450818
979206
78901
572520
205020
491746
161790
15596
148541
203055
251277
591666
268136
11528
765340
238797
859128
751943
147777
11117
259742
125451
975656
561845
296897
223960
409652
56340
169033
673888
579011
742397
976950
168743
617756
85936
862324
807929
448841
378163
567725
75122
399336
3062
774378
351214
107453
448060
597906
984926
264593
257813
78176
123142
170988
584478
87730
657780
491097
792379
798908
602270
285934
266536
64507
174947
565983
146162
33155
555429
254431
880317
16068
347673
27990
257899
41153
294302
70339
919990
452223
872259
833810
801282
800283
522496
416861
693810
301374
43855
512299
678186
497267
31015
330204
997621
686047
311969
150471
928888
633706
555383
938514
252195
403965
122290
150339
43478
792765
999148
501228
819060
586799
911459
97237
617386
606746
651667
20389
235897
820439
459418
832219
834329
586414
483521
752470
984877
332118
233476
858153
98612
103940
745268
668456
381253
948246
915140
142056
868067
950691
404420
310860
684633
985900
498954
920688
825276
408635
653591
174099
734894
973188
835530
194686
786886
74495
47524
638140
442459
317538
106399
770007
240276
250010
569384
479518
112901
491579
729698
152608
998150
17576
107781
248705
104352
29988
801643
874820
894835
18608
854059
811467
158758
179708
927255
684099
870373
343658
979842
352355
976487
552327
842446
104409
450043
97195
746826
396252
18154
966674
459834
841839
590663
954975
240824
731491
863090
801093
443498
594062
28333
810620
553171
395762
414549
40933
892905
996083
857594
359323
595687
233933
65685
129599
6114
795406
581126
791398
947009
325304
936252
520954
590146
676543
423090
438079
553187
122347
604904
62527
995755
307038
72598
404417
420345
857549
433333
382695
399292
838038
710335
200211
56090
986100
858545
682077
953634
342057
564345
92816
651369
8600
937688
633211
905535
530898
198191
430759
504043
262124
840657
465958
401861
349561
27225
700670
37198
199060
22168
745693
326266
687919
81356
609329
697065
967581
922456
604709
624851
191400
590537
813969
888089
530966
228767
197731
311125
863200
296242
409874
985927
238734
616045
886855
979291
187930
856081
134902
782274
844287
368695
323323
215556
400471
601793
94237
839883
223906
335558
108097
746683
841981
444422
876948
564437
768908
607787
624518
89893
376440
565555
857935
216017
877341
39467
75603
436194
989407
513601
920584
127679
337069
201236
639729
333952
622353
5822
926791
870230
464461
444749
649675
730978
16515
74060
566625
8043
311694
143989
495031
335740
93479
982735
459500
447091
836647
659883
986178
241171
329799
929426
721058
22438
525595
332303
394859
400497
127330
476247
99352
270210
141338
631214
126375
860585
586686
636938
235731
148395
894648
854712
980946
221913
11835
2658
264302
522555
850844
607273
862511
352361
973564
151950
998287
121361
832719
841532
569705
85337
181252
988013
40932
418625
491661
523064
262672
585561
559960
371652
516009
160471
36918
385273
165396
822864
613103
517395
221211
485935
686421
433102
67616
979498
121625
588277
810088
901118
39812
835064
39329
2421
25603
198696
958833
92442
743046
170096
602368
775480
697221
739076
520988
559789
277422
561195
251559
711708
749322
5722
979423
237643
584407
693476
715622
259413
251308
225989
472561
789340
665314
442106
593882
504889
402702
247240
306042
786834
894016
375029
933020
520241
661175
232914
106327
208990
19845
916234
787799
618904
859131
986867
649703
35228
688383
188353
667376
338837
587221
315555
1403
104114
167444
614058
532437
740019
451728
737388
424592
471713
608717
417198
244295
472668
754277
791727
926543
689368
199146
707583
746777
334147
743784
544423
554783
527076
797911
818646
546850
120276
50014
353567
984482
173506
968695
511171
449017
368647
823960
310310
867895
769825
521474
311244
886722
53768
203926
940128
36942
842135
130348
679376
309701
722299
130172
271415
895618
832119
253050
66855
803662
712030
316911
173438
529357
241316
547870
840327
612857
50592
753183
983151
26374
525850
580693
117957
125704
431992
21489
315618
952743
586722
326026
35160
922110
97397
404088
831967
657636
984998
689602
259278
841978
304571
861456
451648
741542
236153
746425
158781
358521
644995
519821
993694
979601
9391
874732
244508
568266
759028
729113
706814
808547
690012
494164
932076
575651
445526
102689
163315
611234
288277
397003
915627
936114
525646
480869
196166
941070
166691
472200
331882
788767
91555
764184
424482
840300
564747
698074
213294
21570
323631
409080
855964
878407
910612
378008
716909
102697
411021
65913
863587
295783
154619
652697
902724
14094
100356
564896
457111
459804
763095
192549
488897
707300
114573
894301
781335
303510
146548
156365
640599
609813
272258
217582
884017
356629
108219
626979
400325
693739
883993
422908
884213
695652
300682
619814
699782
323085
908504
365000
79764
997861
74007
545663
382017
320871
747496
684839
314337
880932
972429
483264
891228
776742
384331
415091
525981
628691
270487
703323
754133
746983
415045
524792
494031
240780
184555
216794
511888
735433
848575
355018
863103
290449
719873
244762
309705
281773
145184
629526
807301
207453
438923
359546
408919
25768
779930
270602
118569
319546
205973
733690
63381
477688
89561
817795
612941
783089
972865
469147
592947
220952
169504
727809
271449
470069
409368
754139
396918
344683
100527
75268
637540
903944
302902
187296
339223
668306
548172
360779
505023
712285
650023
179827
27437
41386
673219
425868
746166
914054
21187
424829
632998
549109
33513
584355
683745
969721
77592
437861
396583
725699
345059
3512
748809
69295
748135
289918
582429
599419
256785
393288
14676
215033
685840
392631
474530
255853
929167
348566
573281
349477
484230
817419
481789
829012
877994
971991
38852
692860
329497
296434
205330
646329
732956
851720
268448
214903
133409
376241
545301
514419
984102
105592
153625
533448
892256
432826
90466
159107
985722
494891
961528
783143
134393
601317
276493
283548
523278
57087
468422
839916
461842
875115
728453
511047
726947
258549
494028
566719
447258
888860
491642
688908
231624
148654
273896
593426
490396
802373
77812
386029
667277
334937
569371
937348
53410
561741
333761
916031
10310
810450
820418
209726
18072
825441
929091
573427
131187
157890
975475
846191
188398
754758
447127
537020
511784
111118
789670
74320
516429
181638
22508
578367
187687
913201
464759
96102
712810
157688
90622
227611
777101
970433
898373
692395
521875
512692
595445
216837
405975
372594
206612
813681
638952
408225
181745
558209
121062
411234
19937
278898
375238
105433
861422
432406
690641
785610
187951
544115
311771
547960
288773
8964
146075
509443
185793
807091
885773
329780
396734
323354
193803
33319
988374
315789
489780
482708
169691
247580
384254
795113
869788
784160
728416
303273
445727
544689
571098
661965
962744
430796
858106
377426
293409
250145
718230
641892
166863
479103
915996
73252
958253
665820
197873
782130
553026
652138
684605
557987
85869
545997
780884
141424
680056
378830
381542
188687
250710
820092
556408
544018
650313
112195
947819
506096
830139
598734
857984
781152
696191
979861
262750
165353
471427
253988
670611
41063
126908
959277
750488
571876
730537
230331
47697
781996
148762
903964
479199
271057
281646
164782
214846
651953
794595
375781
30865
870799
843835
691080
217637
298244
673328
527930
888870
493452
553376
566776
353841
589001
88297
510464
885679
455937
411373
210593
39099
285298
149028
203295
707378
519290
398050
274209
482531
454701
795475
495943
240800
457238
601023
564592
111755
654346
670154
289591
615348
387029
877455
436656
350210
613465
150083
976642
492232
356575
41488
484052
716426
902790
935289
589946
503099
889521
220619
14326
196257
582009
199300
792576
341767
809658
196147
648781
803503
129172
702340
298587
630664
803025
103060
473495
220951
152005
950475
557102
170569
416761
904207
946916
696046
594267
484851
742627
195733
902907
665112
143691
442639
502373
413325
879936
91452
576841
915782
46531
661035
354911
65370
796044
341756
761231
321796
852935
275190
518563
59815
391869
164258
32511
672319
211860
990782
623230
315681
62946
815126
130823
84669
516295
257708
600828
187248
805584
301772
942985
669916
419436
303773
551287
703407
321267
636075
455611
404910
167652
254700
126195
62531
538871
64592
286928
631643
894131
172414
497142
625896
752943
511174
515487
22977
214905
283235
73566
382457
464616
981347
600429
813063
272561
557376
317212
828025
222556
75308
311124
62488
100162
677876
601018
151585
57119
282923
43859
773852
624146
489631
44505
337322
185917
120724
728334
525217
989742
946404
754429
175799
163701
344587
651372
731582
840591
410265
14856
383200
964296
252128
826573
920177
865381
21973
751618
718432
408774
116878
348986
832727
254428
333857
424836
56712
63561
720690
554046
699369
937977
291502
374438
559948
766517
953638
10813
286959
861105
975723
391113
34480
675071
25736
927439
341406
574621
571069
471966
819096
737909
687572
939119
787634
503802
399187
468927
840762
209360
504538
215853
790673
578005
277822
984461
522394
355234
186362
898645
606592
198942
135305
79703
880731
747825
646241
794984
685394
439329
758249
224444
620934
597668
362306
709758
186302
237700
254783
880181
943469
419147
242894
523029
722255
253110
13266
456991
243842
195607
930480
704294
623241
307210
645879
551471
696494
672259
394905
561864
913406
253647
726828
598652
1606
294351
169768
216819
631225
346915
112125
832407
127316
564607
646427
28910
89224
779184
776104
970710
648006
609737
125726
574903
2029
547827
348758
649158
249497
491223
747630
596555
183751
295941
158155
807392
617860
318065
612722
626242
651370
110457
620688
574836
386831
975077
804061
429105
974102
287400
182382
260671
476159
915920
122010
957558
705413
501987
106986
480740
682215
83903
385259
332329
398264
786220
864196
29109
623250
560567
651712
139308
494775
298236
319923
89293
203279
186743
117157
350275
11818
238214
862570
850402
242663
180294
220251
925227
78917
828098
432012
813040
156979
134357
342896
625514
324817
432493
145791
157718
327578
769253
575059
388929
771938
281833
888977
898897
120289
40580
23563
11740
348861
307932
822934
352258
493009
808332
269197
416747
50374
782466
415808
352381
504880
117955
48932
483523
558389
139346
379288
630549
458875
687493
585652
261445
306410
830318
791780
74011
255853
70884
14952
380187
164632
186111
960711
927940
134601
961773
514634
69822
559904
159062
575830
651342
400560
236531
897635
806669
925643
455
453644
237427
100797
398957
741660
490822
804518
203063
739262
158911
503044
607636
470014
809130
708571
653457
497006
650556
476455
407760
684828
470309
377047
71068
375492
907060
7186
139923
220770
651824
783458
613637
416558
437820
159073
780069
35748
729196
183398
205904
766874
513146
986415
890726
119008
353683
863492
637206
638187
290008
318393
517824
898547
394506
265292
351172
836157
338692
975106
833231
745961
111690
900709
372193
418099
348805
81018
71868
144055
670200
568062
349856
80894
916041
9406
525202
923859
877449
517652
572656
167029
882978
266340
813027
777277
241973
70101
394850
986012
97145
153995
671285
79027
806348
832343
184873
355997
246004
449201
838152
114623
430050
220844
875022
420332
551769
856034
545535
130199
629427
191984
755025
102655
523031
282544
641813
947335
714452
124773
98451
810076
605451
901297
598373
378004
454868
285539
945666
52761
66874
814343
54679
979820
910137
653755
223277
61289
853311
938361
195084
682030
199803
188368
273753
549177
193480
263043
344217
203288
108107
621220
107962
903233
206252
173251
626257
716195
756108
177
397748
908183
884062
476190
228259
882368
245678
967327
927268
686102
158220
221486
260021
990155
78652
596954
708009
834237
41454
888665
122629
195473
861638
110918
604348
714662
931645
289460
485686
683564
715253
327679
672291
380737
856332
988846
680156
337844
598678
266463
152735
33235
281687
743595
472675
267020
504474
865734
192374
205569
959804
130321
979238
750562
684517
817129
719893
192636
464114
333481
583281
973233
826040
751101
841706
980321
554380
527146
260338
865854
791554
355481
798316
296510
394994
466662
832730
684849
272669
624546
12501
817904
18131
532245
895232
914047
236413
384680
982779
683054
224873
528640
306920
83100
307543
921499
968671
687879
345247
895505
375317
184848
705515
868955
639717
210653
49499
844817
497499
281839
234448
848392
510192
733645
608358
525512
586173
176536
889294
266060
977073
725506
925351
760932
195510
55926
64976
11546
746376
395533
660925
781792
509634
654926
82325
569233
322895
879545
333362
167961
915571
667440
853443
987868
807550
889253
980674
2757
213090
13463
387845
75977
169568
45577
698572
283123
521968
798071
519887
261012
936054
701249
983746
130314
857363
681541
724991
341599
770542
364151
523445
364504
325256
905964
741405
403167
815111
839370
208330
971571
649976
885846
277205
210404
861132
609781
824483
265677
427506
278776
89325
234033
994675
425170
351097
854565
810132
114378
487142
201181
941434
654625
795581
459406
829321
42359
121413
858881
38025
651919
85693
859392
691572
513688
548417
237929
470540
590949
579837
873770
875981
859995
681914
678356
749320
574202
452345
933398
734643
341814
735178
952831
89015
950683
835540
957002
836974
292939
48534
737910
100974
791844
685105
937881
701661
362742
342609
882247
606014
625499
56439
99442
142263
727309
705267
317529
846591
514629
712967
512667
666322
607670
790434
539160
578561
60252
673770
148422
848022
892906
476985
282292
42234
702796
392196
676488
814296
835764
223323
650389
633731
332976
182143
695242
655716
837614
289849
761127
871664
20417
854151
685785
952448
300811
320932
397840
577116
327153
100392
372334
202028
446007
283145
516585
561716
839597
220490
283410
57951
847863
313742
73110
74487
754249
838600
822819
281264
270836
922166
69506
590958
607834
512604
939379
781451
49243
981781
559704
363935
163097
32621
124906
335682
529113
721471
288123
865867
652078
853627
588188
86920
472178
594938
446082
466684
762618
422976
750915
534041
436096
133265
461054
662161
443529
680985
724432
644021
279058
37966
44723
251306
37391
793931
7229
299150
961273
291720
839402
822432
50239
629968
150692
134048
580773
102664
217057
807374
834640
839717
733624
466182
215016
402498
269647
500271
532516
160263
91189
443239
765182
985863
275399
896337
952074
885548
533510
655253
424634
286736
547008
714539
206699
465592
281632
234578
290078
266830
388132
263829
65639
740171
511334
563441
909942
241201
572817
717118
626005
998557
315604
426283
561115
882069
595681
597439
768285
110704
872606
71316
187517
5860
952125
435105
988714
680964
94049
797032
629565
757021
656387
341914
921618
756364
349543
441924
969151
554738
576238
571819
223731
573404
487288
233780
755632
13695
898140
775372
680729
686051
764742
593518
634982
566420
326434
867317
100098
594987
177843
928839
832572
856741
29169
496185
488183
689999
501096
782611
369539
854535
316805
889625
319531
355062
863530
60858
127274
957465
523215
208778
210971
11690
766634
195986
131649
535313
188569
113902
689362
859281
396686
739045
288711
364082
775299
452099
316813
597035
429452
169440
111230
963679
39207
678437
275113
952661
848893
17161
632670
245445
48998
19884
475370
231142
490114
753670
212663
492066
380063
951221
234346
659202
646897
592419
211184
263983
571978
906954
499197
68105
305497
496898
939072
673522
394331
192650
588843
342519
898385
522989
335953
742745
242946
320947
983341
337781
526551
650430
828234
351586
827503
603089
75887
456267
969367
169224
537294
8118
558001
314122
650519
291654
512479
68267
548934
184671
679120
886946
734247
134380
212061
70496
7481
435333
945698
273029
762176
908589
898561
768173
557773
841448
152352
91645
549260
402853
67363
466559
187696
644861
282658
659656
146630
391877
628470
158745
798813
436543
553183
452684
87419
328789
655388
827018
643469
196201
336087
52004
669076
600054
659721
499101
105569
485979
66104
841343
408914
908693
91251
163161
270750
897106
903750
285421
638241
636242
275465
999666
56805
984519
882571
321546
640527
553119
706072
101167
327243
201071
450361
308893
113121
569447
888230
510332
798165
65691
264429
35246
376171
761997
178847
854113
318955
464571
286647
191529
562538
410736
279540
239595
206601
692221
694572
506443
872779
800530
252761
887982
586123
173042
671333
626610
32359
612008
370138
845816
718356
762519
562380
206302
830953
651254
707840
778819
678960
778198
900812
420290
342197
764350
257186
300356
569762
411655
767146
376895
158454
161177
525814
856768
885129
153407
412826
519081
784688
953343
549703
757279
432258
481938
319152
467102
52339
509412
555111
457761
848331
311952
371546
94242
848631
768563
308234
867310
875816
359115
499875
965142
380017
124504
886834
460538
430105
271163
897257
456797
288811
767012
441167
522507
718167
841195
796596
698282
601855
550212
856117
427980
712427
725250
932012
267801
685949
464576
708383
117992
683352
786992
776843
139814
539410
252494
940794
191449
64718
130929
842771
540964
179760
749144
638245
201345
160268
134145
508505
146267
4859
570070
788910
861063
664193
424101
159249
568437
170280
5629
368322
222159
525379
711578
667071
865231
749616
234505
128866
42580
421425
938411
21537
130846
894486
358546
186856
457900
414819
571818
459871
664033
421069
72532
897811
897761
497002
164250
710262
903224
410376
807021
818022
532183
818444
633081
485909
126557
496580
492449
487745
235807
396769
262598
971328
786792
590383
101722
421640
133584
700301
613087
48905
908719
165788
96535
805339
895126
909249
489701
162622
57939
762947
598724
752542
457952
523618
822378
679443
773756
865944
220126
208067
240992
625772
308839
94576
558963
566113
161869
393525
598055
654127
433849
676292
430128
610548
454141
799008
666777
283415
272287
588070
580289
354615
989530
680809
146936
796442
774128
531186
650011
802331
271791
790852
220479
941071
690189
80654
58241
95859
330113
287683
895240
201415
537641
948573
50991
421253
925978
752736
729337
324143
83564
522843
352774
906486
943097
175014
637222
68684
430242
359128
818569
473932
49713
284683
719358
756277
670087
331231
555768
983290
113857
192284
950630
410821
989725
483885
739948
616653
740454
237516
668021
152769
434346
779841
221393
176756
272385
707883
712380
528881
946551
270100
858728
936343
367461
274998
51235
105761
72303
184636
566901
727818
958986
323491
163492
421529
909588
60806
426384
732301
327429
738535
362563
922580
65243
619726
290305
456371
899317
369919
955408
90918
681932
231199
737568
870297
127912
486569
222533
865945
200916
218476
840117
728897
830158
980031
4912
400976
920181
309466
133846
386221
238560
757742
271492
896338
469900
939441
730991
999447
571782
969057
701819
624101
249062
801958
932319
160957
417435
943520
279446
549509
673636
101747
443156
443758
370885
251789
613722
876652
250365
893199
625893
444800
548321
794599
403138
25317
39624
488786
85764
714036
114841
233815
117823
263366
227657
711610
488707
958371
857812
274187
346673
769312
776426
199208
515046
483908
706099
825262
313493
614331
576716
338720
898334
971605
503857
334627
532052
58061
86739
12253
276792
581521
151276
475717
200712
411159
831587
696653
374009
165800
588856
733094
6819
203051
672882
108049
582190
320639
394592
699519
366009
585830
492958
966078
129539
691149
457455
853586
505340
629011
229014
976266
845924
733974
98168
220385
51938
845722
569425
502143
651128
894599
657624
717169
532094
125209
730225
275748
900020
715927
633690
63207
415432
359570
150417
422985
358151
1310
685580
362097
263682
778435
226425
434584
802398
122365
544199
78333
58122
501473
453677
225383
716891
885168
287516
543317
834263
360358
173686
919372
330899
819608
477681
317339
339883
776300
690494
261953
62561
136353
574377
180498
19576
7186
23748
887930
521692
476027
601362
891038
21323
185216
362742
336432
156306
126777
536315
702405
770783
746121
935646
442936
539544
426146
23931
403946
161078
284990
356188
988732
152633
239106
545926
260284
946314
771054
441254
969045
428815
544334
499784
910437
932634
65980
613944
902529
892273
267611
360683
51725
584149
826903
932469
256761
513905
664761
556777
267247
496550
844065
73070
118431
856683
844744
153139
616617
579448
991866
25244
593055
866541
505450
807114
477845
335821
264855
43077
930428
44832
750035
369708
557948
467248
332146
180964
196944
252598
168109
843701
90409
37874
192878
363313
528869
166255
684469
429073
22507
853835
615805
806890
364832
115718
536241
269123
400877
699010
594681
906965
920873
610336
738679
483592
981917
729715
36798
53844
778121
22622
239800
668274
630327
241532
342521
228767
935116
381050
388377
890663
390991
39600
433397
117600
654091
396859
304005
102828
99779
146538
33275
819596
278115
918355
416662
646156
3738
895246
408898
878989
123889
220369
43830
107867
474550
868826
463307
432568
449374
447768
881578
394422
576976
539076
468586
445799
646918
709167
737776
676288
295124
221478
697946
472764
101410
202442
363093
508120
664899
327997
734748
611112
810797
792165
584226
727349
776348
39605
535164
284897
758458
110408
752459
868571
218238
768771
658081
551178
314857
768008
234364
177757
946497
631792
820754
942545
802389
106763
146287
631472
30298
893895
875433
286303
926777
889496
495659
125699
248140
692402
611327
897668
7764
908500
817564
505730
712165
53413
777670
927299
225784
707913
203027
579536
619311
598137
684274
416887
38784
738701
864856
775286
880059
415851
633132
45072
932752
68891
424546
447369
16338
689958
577671
459654
996778
566827
824780
523835
505255
502282
183916
928227
724061
481733
466288
487279
1310
799155
256814
132656
894655
3397
259947
172183
842120
725583
325663
59772
590379
420582
188811
309751
704300
17921
144388
270132
519185
3179
164094
616399
942565
569387
924464
516283
654722
467686
482964
654780
729021
145276
42227
974489
664991
410461
81169
994726
8161
522986
18945
906845
738039
295391
923131
384842
641291
322647
467160
590501
603596
699594
880947
901721
59054
946509
490688
637506
251964
970162
123766
122997
771485
758184
675248
948531
934898
585264
92507
121017
877726
924262
861299
12240
865427
117830
283211
32346
665316
707007
31748
470213
40523
271101
146396
981956
382694
404526
63764
118634
673390
348619
445006
920199
897196
579913
305634
739291
757034
5845
360068
918870
818357
386570
674030
16265
68229
979613
706156
334282
704734
184714
780582
672133
944376
196603
931697
816495
460609
984831
854490
753945
374178
60254
95633
998815
966764
190694
77070
511368
516082
926934
305886
991684
578549
705536
66366
966397
389644
141069
76745
729601
311313
759104
610946
582714
314223
612167
844397
605528
503133
292544
724193
276122
672070
529405
893425
926582
674409
959598
610619
461249
29642
302638
843103
433871
327801
496713
443829
943399
949118
168449
972211
641687
614289
612234
264333
387495
283281
986349
452502
692429
960929
532725
626298
11041
414990
497693
825435
338667
68182
97551
403532
755442
891704
605384
590652
34515
105782
120286
231186
113911
941942
534612
530267
543588
275497
865213
815398
822298
35732
671195
251126
123231
503818
224479
610312
139362
807995
429064
936582
186728
965639
120125
901207
78323
130816
388656
863979
472612
909569
819296
737517
828713
298700
693588
841993
329043
718451
303072
435378
129059
70367
930336
130784
776031
446140
893260
83168
471159
706271
747228
205615
585761
485735
796688
851487
559341
955388
544779
502598
147148
349496
108918
395735
785350
923311
712763
185357
964771
99929
179441
221961
363029
151818
463471
572425
833171
353210
380455
769954
66559
229866
511572
257378
175380
87648
868544
671970
618431
518386
242621
412138
223186
771291
61690
306748
74989
985528
14469
298995
311966
308666
638686
514748
993028
333011
956479
523282
763217
707810
270670
375653
326096
88153
452506
557510
339159
151764
686243
103809
714685
178922
38257
84165
847105
557865
894361
693121
13329
291390
237468
753103
471125
515870
228850
970256
789235
85876
715804
524634
6955
797986
623296
890960
371293
691145
465670
747040
752685
328327
653684
181000
876929
11621
978188
576557
835541
704199
878855
95535
708825
820169
648130
770725
245925
480683
138044
283943
471951
477755
89146
21350
842061
95769
935286
378928
332765
155071
678402
3578
451521
273263
806575
522760
363736
5043
714308
514516
624641
675692
672016
891456
98778
616886
260503
439067
669855
779944
281904
253704
823783
93276
144595
782119
853168
792487
859033
744964
10225
888075
915028
116781
726430
89157
732702
628672
924813
164378
43858
662018
64219
93697
764578
247305
976432
346380
573132
69251
469654
978623
212617
469220
449640
171238
525513
537622
702997
264829
362409
508762
528673
711176
300162
729914
950574
402115
238581
690443
715202
731631
632208
961479
217047
573740
148178
357583
301380
599196
625242
665175
346217
810515
425186
173697
668882
961976
900510
922441
297747
556287
541270
343725
618301
697961
182195
320487
838773
52711
144287
70543
666612
949095
411065
838612
52491
888222
925145
193522
563146
209400
673366
486633
750125
711010
870257
528470
184255
120209
269353
61365
809397
784351
69725
989266
899885
501891
354608
233706
169573
403539
326327
951707
242649
650191
261403
179305
381125
528402
357106
196003
275343
458932
324481
746912
810763
234214
927030
571057
937449
426126
650003
548187
405591
75844
363563
630418
849999
552058
418093
31124
94131
621286
422923
75976
695200
607248
268824
439560
389952
941199
718444
271565
801851
865492
528054
914606
733978
597388
665075
84340
645338
945026
911082
245660
996858
765177
809969
262948
63808
368412
128587
546654
741558
709577
265549
95901
211514
407302
482683
693736
295646
251329
849071
722853
877500
592340
144876
92353
962830
675112
931055
509888
915898
257923
750486
240672
553029
423062
14934
94192
125354
506925
537105
917590
712059
903659
686898
123753
190676
918857
748101
240891
720509
191716
327357
213745
238600
876606
741261
321182
565416
58905
253014
501763
913356
329458
472325
982129
542540
160465
311071
764962
371401
481300
120956
695905
997064
627589
409240
188475
119764
215910
40750
120103
791151
639693
118577
720522
858730
749398
269255
973358
240177
538266
610672
218244
804184
854127
90474
381709
757613
123069
805357
634196
28532
860576
213111
584652
694216
135786
9867
243928
884779
623618
982212
198433
25734
974910
566103
896247
395544
4323
405218
854207
242817
3662
776053
592307
680144
881393
713891
991823
238643
760920
276578
397090
551892
420699
756240
629657
545116
508489
418341
312419
402277
821758
434069
956403
276509
492069
484356
445428
968199
910054
148412
113333
807612
601345
942226
618990
892251
375973
28079
979798
82709
962736
365342
878441
285420
492041
148702
675854
224904
426185
833511
207276
355153
910849
617037
240632
590512
781300
543591
920288
212457
673583
816302
992397
667168
400126
308938
311531
141183
868549
350545
672708
545862
783441
731898
293716
152754
760157
98365
111387
428776
342778
201129
967425
297220
799584
652005
600511
369870
837559
763896
150990
49487
81669
163737
234068
189431
413421
848224
379309
87821
265570
79390
933501
571855
967321
713034
421257
631142
592891
406465
518011
251704
47252
396693
14879
514221
963286
108352
696085
426272
772534
593732
250300
514102
253924
738774
602854
395730
788246
162029
509315
691000
694393
996559
315509
500900
465962
54715
878613
479259
381180
675426
933732
590602
271180
32003
579179
192979
247101
445367
204022
663251
589470
438880
578905
263580
771722
983410
276950
276985
773047
288271
521950
335753
986788
225118
985451
226352
460415
345822
65301
532482
958503
389632
629622
962482
906231
453303
791326
992012
575385
534623
330681
338558
935231
340909
775336
265267
135065
450598
391127
884196
754853
848875
239629
679935
832683
928779
795938
9367
488701
78434
222546
595534
85142
102967
429845
76045
662342
934511
664798
70475
568353
127460
749729
735465
435082
3723
222123
339808
420291
106075
78389
39334
13556
554742
63765
502815
467503
993207
598086
119327
309484
95578
746916
909638
962897
932087
478234
332688
832363
100760
936607
550621
544491
130247
915051
234792
748712
550720
858199
609805
261745
850995
311728
587348
908097
472326
318244
678789
528999
432139
33854
306418
380566
998425
826469
161263
357800
801760
509824
798560
554810
230947
161511
71305
842536
590595
273826
416251
504891
838858
723209
275224
46455
240147
8947
297868
766389
272118
948275
509042
539590
459129
326531
191237
14989
168932
764811
858473
563672
719766
867134
407944
542825
722074
646201
78982
366500
15246
249434
506465
324422
688236
663553
858952
378182
268623
666128
786331
360115
52829
449504
571043
129111
12773
318412
97554
816478
433822
691055
16806
548569
534498
252279
284999
489872
99465
240282
583660
778436
719917
275073
122577
518437
812426
909197
86545
727882
786465
59225
814595
718825
951676
753798
561038
791902
771509
343054
962762
661464
537891
307696
399309
633237
619741
68948
445779
819141
13698
166702
169338
935331
192571
998860
119604
548588
346207
776534
836802
28414
304142
796188
348094
177399
290679
175350
424244
993119
253951
293470
728185
636172
259860
705035
42497
273914
604996
304733
298963
273070
290016
574671
721518
869597
432026
193735
271391
664600
147385
768727
203511
638687
31013
874145
243160
617183
452635
537177
739929
27
761968
44672
465033
72778
550432
214075
429818
74113
498758
103053
266023
608917
818150
340100
462732
322627
977920
663582
257660
658008
543235
559209
297260
312271
432776
347293
47202
944042
71591
864624
600774
767114
485445
661386
942783
827550
760296
985021
149899
215132
659138
631037
490251
750456
863863
970198
621443
427834
625405
522240
893096
533294
243493
116659
778363
275995
951655
670878
778103
55674
176253
349385
854844
80027
475126
783629
848851
861391
495697
803206
467766
463064
54572
765881
761193
999672
540944
901099
404124
199612
48962
376474
335818
20526
659203
355376
678079
887374
702466
810560
15391
751944
60095
998811
434412
908043
994719
205675
896592
296041
301158
289354
331260
657810
514340
615933
506700
500001
834054
877029
418125
167233
801461
721902
761438
23385
827169
567516
762924
809959
27698
464770
385108
660839
403537
382967
826711
130655
786371
948438
272517
271417
726488
786110
828844
483508
221633
516686
932417
724263
81340
634014
799078
928189
192850
682205
6608
252954
576170
891298
700767
557609
367618
704083
387928
340474
279201
168813
808081
897914
71715
354884
266997
637430
612534
238109
765540
783345
39309
351353
875960
419141
640550
626670
464959
435636
151561
622944
708420
373130
217936
779420
273809
115599
806869
896568
53110
704228
954340
409943
634753
612329
421523
283664
635765
33246
822725
181136
905179
168492
581699
90666
6840
33650
381850
803356
520452
155231
141669
424372
706285
688045
347258
114269
78810
445267
942579
392054
267756
433420
599229
768460
153296
212345
313500
253890
855843
477144
697397
668515
663475
580605
858160
962750
891639
43246
549932
371672
698309
273035
402460
398402
794856
485442
421823
350320
125287
643866
56758
781957
494951
159368
326393
423704
740802
505360
883218
475412
471068
141530
332943
854816
542770
335651
234874
956778
720162
264929
936368
995947
40566
782300
457382
496221
451196
782059
153892
105546
898137
157969
913709
205135
758838
450695
744577
185498
516765
187244
572962
823071
687363
745376
141208
144560
432197
756904
975894
16869
565329
427549
524541
622111
764955
185521
594064
50418
820382
270496
966053
384552
112667
539411
133339
913341
869504
668100
394404
324549
279200
262333
209931
852063
565071
238804
234818
659442
16393
180883
47402
580047
948416
171938
33545
84640
923392
987270
646169
385622
792833
694623
72217
375257
411303
65809
497182
825830
589776
546001
841925
150153
341006
65482
782841
119697
55862
399993
855695
79416
289473
664853
38275
674687
963748
893953
646854
367256
94113
669490
484440
119103
323019
333063
869291
606063
514082
260023
802556
898761
663831
144871
869666
730292
439688
874336
405718
642340
463223
721105
677726
492733
948897
728607
377762
899919
305014
850259
731124
847603
839410
917544
759165
697314
605450
771769
400668
697092
559233
418523
715224
329203
716260
226230
710494
701870
831500
179897
776697
17643
667824
511481
143172
847817
417535
702807
449719
218142
451163
774237
653624
93812
251388
503966
969700
303898
232315
222255
620323
426249
135578
217979
129606
954842
717382
586096
231473
442705
587053
85520
495720
302094
421578
772805
805383
275577
385298
616305
36628
967752
282526
830783
74377
203651
231885
664647
340184
250014
258388
593228
555331
452052
192051
715695
439144
316751
336889
16214
859053
319817
702455
515380
141156
561325
25470
307702
228266
687614
539235
513026
147409
867382
240766
919943
78315
400649
332826
272512
727445
48110
198162
275174
859207
201206
281642
65705
80475
624291
881728
597197
191959
209347
979245
751781
640504
154058
603978
963975
723497
297596
917007
565721
594880
570619
376449
590562
931663
785388
417568
724589
880414
974052
17432
807985
463963
58290
823367
86512
699279
733299
769435
140740
30440
772402
931499
659228
117560
727204
749853
839436
238589
390221
874013
325765
977919
924745
230863
240893
998375
448434
191410
680951
587204
158793
50961
601587
469608
661756
91681
29201
36962
920769
262497
565956
661143
631312
355724
708600
50144
711753
742485
306083
85320
593731
637337
935989
72494
936436
119682
242673
553493
920053
72579
949585
182486
797833
504804
145448
818487
806885
118658
329187
696668
374896
384743
76112
838512
831664
667657
427836
567609
567350
70668
820418
189207
763960
877288
830017
359150
391232
661457
243024
490319
864183
212171
233776
788534
253509
352971
214750
763344
694898
486024
270575
503578
25733
746324
765400
283338
225153
271084
691279
400309
967246
616907
552382
445459
807042
278467
120564
401277
701801
873602
751195
798055
930061
675652
724001
402768
511241
475232
560377
279534
780816
757728
858257
767284
467151
843651
764796
638599
179216
560677
576483
561007
395567
63926
548896
306839
72501
208579
589942
146939
670084
729479
629070
896300
444550
413650
868848
729973
414659
59448
112086
608283
769921
172211
448521
987490
952664
613998
661380
483373
678330
969273
845923
588868
862484
210118
962454
738738
772578
594662
301903
845964
436288
712437
964512
903619
815749
808030
780183
272014
783497
390231
892459
156864
618445
9592
597397
874595
498525
864469
667474
673564
548168
557428
499367
966556
884155
349699
359290
769419
231814
161975
896318
498661
572738
562565
589652
216698
651875
13860
894793
698490
879587
12709
723836
261401
356822
359721
463613
902829
198324
705392
602965
347067
514410
984987
187621
994830
413998
232292
677533
415557
7507
167667
306199
981818
435670
708204
685815
716320
36460
751305
274355
163736
470373
958043
470951
97333
980042
624405
762258
420092
99213
13679
502814
752210
157234
901345
461039
425948
809800
788716
440037
110168
458608
686952
288213
732414
828007
371563
932621
993247
923673
331301
467445
837508
805052
704535
580486
302218
483553
247416
903098
584642
299685
920358
210769
772120
550892
498202
217113
697124
503364
239672
397410
200312
898230
371349
818585
166470
143684
753121
190285
137527
207770
477668
120102
731818
494056
37490
869011
58204
666872
998449
755988
133539
2471
99260
781288
604199
646195
440720
460527
309063
855831
227470
500670
983530
117329
974995
880477
92959
141350
406139
183233
940483
708550
677819
666707
567034
54990
937498
212836
861576
558405
209898
679080
404252
640281
816097
331826
307538
810831
652752
712171
998378
89002
177650
866737
912601
728322
43275
435820
698702
264154
712198
88813
646266
743145
493595
613448
325534
660790
711062
126105
168979
508556
678281
769218
134348
379641
275664
764002
527481
558227
350177
466592
903398
975943
792708
772706
529658
684873
968106
961607
521171
944248
465895
46637
510823
548895
331207
100567
649754
170106
723508
222580
367170
388164
955618
656040
259814
432167
492032
465206
157615
738476
28987
355867
424321
63802
198376
521036
319059
237463
227511
358313
529307
463918
9413
949407
135338
823143
341492
345914
861784
17918
981055
272278
218399
825645
703841
925482
631369
699928
274392
11848
158410
643459
680823
793979
140917
310065
405872
998183
281323
891945
497372
449238
8140
289762
349494
873298
134214
26549
867504
669011
903710
345358
700193
982055
884359
602406
937336
951874
641624
962876
892887
349720
606277
921562
955427
43627
345074
272287
473334
829164
996600
181797
97991
766505
187417
849878
737795
942708
318874
894277
488807
405467
184561
206565
350458
312739
559761
13313
604960
79858
834678
577047
351675
691542
570268
316698
274083
977995
32789
85323
871696
793113
465799
233521
333727
344632
181963
5767
352114
847438
170516
286253
922399
54083
717379
751966
606333
434438
361454
779706
233109
7450
503343
750816
110310
145597
28575
165569
795736
515034
348193
751768
699600
923019
259446
428989
375102
767460
557690
50863
272599
591685
379738
559506
189608
400404
482095
127110
903795
361031
173480
495806
572447
883129
232742
757891
167973
786558
46975
116119
554995
119188
300308
161299
192573
152030
57469
586570
911613
85436
857054
851475
237012
989538
253908
923205
686466
224117
639352
638235
161977
538735
990318
234995
348713
189414
466134
533715
770157
615958
302704
1382
673560
649661
905379
719198
760834
874807
425956
778592
33482
51921
504879
513680
607295
306154
452248
826320
915236
795926
886225
394728
885263
711978
357471
321470
612461
363018
553518
190707
665435
667623
610226
40290
200366
724551
743119
285599
803880
987808
70584
365991
551470
743449
434511
244252
610705
443490
606384
322780
189846
86435
178246
391280
770168
691006
748896
887658
679300
613739
619171
929423
830795
809249
681640
390316
420887
40471
13928
983564
139148
190837
379709
183514
554737
102361
847075
978351
684531
261167
56440
617215
215555
437325
940949
271051
165182
798284
219175
309338
796059
977120
613043
975801
470382
821231
665334
602691
552786
375378
806731
300622
155051
195839
644893
482271
971168
613599
581869
375008
418025
539961
331670
370460
596640
408564
685101
710062
733370
418721
303990
682754
670281
963624
465356
903699
446542
675951
886440
452705
990160
78180
846106
425059
398650
249350
14819
77295
744432
566050
859756
829834
702006
604690
947421
315256
214749
993221
428094
69929
365055
675720
846747
677070
120416
379315
521347
651770
779886
334647
802252
418944
270333
292873
715226
108269
131731
86727
99246
778681
808811
954124
268564
430915
398932
717773
989485
88538
170388
679812
609414
443639
133866
735203
207601
773564
559794
53401
391070
855500
812064
433338
575818
722115
70101
306984
314225
306614
427791
189495
443496
364003
175633
868817
737319
285271
278607
307050
448616
587018
348371
613620
667256
73820
677411
215850
769028
238913
943645
335082
598323
297115
496626
746343
310207
825251
265455
117074
88954
553641
816540
160765
774029
765525
501672
743359
669832
760667
319071
691238
206080
947723
48471
748893
38839
384707
327720
856470
992463
661304
236283
277472
521441
936734
892593
949842
684345
36907
645292
441125
550267
388766
563980
757608
171472
548822
49933
218470
777600
338857
594876
699668
630059
738175
902175
446655
140307
203776
490722
174210
416509
13072
981333
916639
173644
277758
317263
165253
335800
617589
582156
568307
448151
241862
894898
901898
305181
122535
350975
506024
343653
686114
75657
898034
965830
198122
553152
315282
429385
884312
862316
510035
782204
971665
874386
163675
724980
990506
462786
686448
8543
456708
47617
739682
898175
71584
120865
849143
744102
59037
371526
417062
606030
683138
93653
825604
378616
139774
406586
543608
360208
967931
460826
400903
565388
307917
689536
80621
952551
107252
146129
968801
37993
838974
417803
249786
661942
225463
990021
845839
486576
705253
640558
276460
290005
141250
77108
285272
395782
529111
173527
983016
629704
567386
641269
150963
428114
50542
990037
223909
673590
616565
15945
536810
697807
130038
934215
823070
398320
703485
829977
725417
207892
2230
926108
153093
78662
218614
638616
76472
990629
815356
910115
908631
760861
581232
48147
920338
573917
882623
590236
152126
939826
204264
465339
442983
895667
333389
183785
141713
295073
631534
669659
359895
19785
454276
737915
167719
49355
580030
349796
759359
493752
963041
112891
96234
418435
62378
983495
505885
690549
966521
808753
512565
682895
566603
460234
267784
617846
476706
158121
29081
976656
796248
570664
292641
144141
684994
829709
437293
617996
79778
865136
471753
669657
948100
884940
402948
815256
374791
274578
687811
806823
911407
783157
850765
868780
160902
975980
112353
370583
318292
461628
654743
891819
791798
358263
187671
594260
42021
713232
967601
946866
976567
791491
950885
524661
1993
783443
785298
902037
178766
117422
467458
777948
419801
943482
489563
687599
620050
478201
965546
771623
656174
500812
176785
108963
343359
228940
968579
658820
886341
51289
227433
125255
557869
415895
863537
709622
590921
275942
250010
501122
520301
75245
15529
200091
6307
365359
440291
984238
211336
62932
698016
445569
858858
640910
83778
121146
420311
259037
276464
894905
360684
681014
869454
393206
396299
875358
602398
189466
193106
655812
150576
452417
324508
744493
317035
196683
662181
307529
522506
141931
596400
325118
797929
837792
566030
301394
806373
81716
693006
698677
462195
538888
634571
179179
838658
471212
223787
388056
411802
465412
864127
836053
842631
46799
521099
729407
272539
633390
901591
204500
749083
849260
982771
928367
65638
34748
892571
42355
967071
759801
69758
158134
341059
509626
348009
898923
125419
397222
330757
17433
605637
181704
206553
181972
573379
862804
576450
407324
743579
378860
767463
140663
572953
408809
636124
5293
885111
971949
305505
403518
63421
627469
881603
265336
485313
877907
572531
660054
365231
630577
240268
789724
973203
858700
212197
642389
607433
52799
530010
743479
320819
762791
36589
182543
120589
161249
799176
674446
990587
955963
188322
702818
994420
269209
994083
434772
459818
649553
658905
798312
175404
580004
404543
842218
477336
279499
832938
542574
944157
172128
269822
678341
704228
477819
30822
637437
605429
902559
688036
965397
505867
101692
975444
442939
570500
396920
533978
135839
909728
751730
410297
916615
12737
943862
972263
458072
625689
883029
898156
409896
382737
811553
40234
754170
546629
280707
865721
860550
189650
538961
892541
512080
590852
765601
676547
106611
122355
657621
96994
780717
325718
729582
611505
152779
146529
543179
967794
487723
738071
969948
319840
903844
119825
929774
632325
625378
532029
174774
680193
537565
935427
322207
878940
525666
516442
95704
232238
759511
79203
86811
417117
527384
257085
335130
300099
499814
710625
772231
438054
779437
123221
387909
334285
383403
45318
729844
203595
603762
829926
878495
803829
638259
49566
395643
680273
502191
206433
258522
130767
550453
7909
490017
115268
634008
386718
14757
514582
477004
928645
780983
970881
938850
498469
814033
836670
781175
422426
710513
781995
750095
636443
769511
207729
221604
635992
801748
876310
957901
622852
271559
484223
991367
932911
250938
204171
554217
919809
123846
888001
212271
605053
272696
511826
336536
162587
381942
935818
43120
444388
175382
270050
711970
671391
878912
50846
409244
38612
873638
355212
197454
246000
284349
658584
675702
819142
105752
340938
2890
272984
431223
482363
520865
562537
728779
673704
151789
572678
22045
693153
625829
617743
472732
990423
11749
813713
545860
22334
230246
801652
843001
580511
237716
441192
570141
250851
512529
896544
658466
108695
199125
878320
12993
271933
169224
416028
756785
652646
436769
205502
259631
877326
676803
5588
571940
500930
743110
179582
927773
898198
125735
33787
615710
450028
382435
865385
21357
695382
551684
642839
11885
336945
922149
665104
989164
863760
197190
789868
390961
341317
642047
116571
150760
195904
241138
833530
604105
974895
362026
195408
622331
975526
862315
594399
352076
530352
488650
669864
958225
944118
671950
161232
83785
497242
251751
99737
673790
592166
286274
372095
639253
648934
837941
366838
859015
225267
551240
451547
918893
281108
731667
847327
27782
424922
112772
70088
579824
372174
942699
466766
742026
441528
962933
172706
949035
182983
827952
79791
615695
521494
966035
271466
253799
854057
973919
540508
672597
382078
641602
271714
676411
508051
869178
854064
692102
790627
325513
780304
389222
812858
638595
802227
899729
559104
671616
773067
450718
738901
766730
670559
633181
823757
439873
244080
598468
80992
249612
528908
330949
449949
332861
47598
304401
137848
347977
845647
934539
777873
806556
16163
816148
363616
401818
409826
229016
619648
481591
860981
697579
109256
750844
531926
523286
535340
165005
230013
11142
207906
574207
665443
801686
51904
499357
124478
106279
792552
840806
61739
740135
127533
603690
542429
680999
559140
32000
909331
220385
843122
337879
445114
970853
390508
985908
379166
642300
428091
801863
351483
612227
547836
469894
721090
862279
291831
367581
58037
356502
522189
529246
35620
986481
650059
374468
729853
880716
749222
966142
727531
262722
104746
538200
543005
963825
838470
63926
800341
295790
103615
97900
293644
721938
167143
713586
329651
237653
444855
809485
656299
839581
733780
180346
664695
691620
186301
822133
80671
471321
98671
193175
363788
972579
943629
481754
193019
153130
517552
640629
242907
189083
824157
575513
512451
737517
623911
819065
574488
80080
579571
644775
293293
658346
960234
496634
831715
416090
475442
923385
567974
213620
103509
632211
874010
230605
997500
636440
401268
719239
719688
472530
865736
918950
941755
656339
920902
60918
647984
58977
302864
777069
450929
819553
143280
757967
41646
935185
807927
365884
240102
900245
211289
295482
874711
679396
57606
251067
714428
136732
608301
551242
539664
576524
228575
332322
342317
482158
799532
773988
951746
466402
594729
93571
148831
187137
420787
880567
33866
562520
77595
968608
856437
408524
210996
683652
383348
699057
247071
971751
785046
273580
505726
32766
852000
774782
754441
650012
501876
801477
852537
353950
888552
516253
131011
961169
985507
66779
666605
383054
821039
761556
815108
523631
100738
650733
178243
139760
467185
668887
716356
329599
404173
873907
355125
317964
746566
690075
510465
676314
824906
480594
914344
371261
754594
29842
796074
545544
596746
902061
162110
185641
801538
157893
52770
860620
491660
280576
301091
804614
636456
257653
411078
999245
446973
436645
240797
302382
158276
461446
573381
347127
947367
834344
471684
573667
281952
431406
844869
374156
769469
717814
764886
979849
810055
550044
686600
343520
764608
303162
60503
503961
976530
105997
219315
185941
576933
768672
244075
537545
651453
563812
269613
651978
553889
653479
517412
685055
94648
288684
838602
37111
216931
566058
33699
13242
796545
931894
51700
978285
432866
697088
801923
817452
169250
978680
731026
737511
424300
149827
902928
427538
531175
194067
624816
630928
33273
696555
781097
920501
687444
106127
47764
600714
546264
518202
355742
64051
66531
882983
28029
42523
650961
516399
692264
727212
17855
389579
17577
711587
844301
416357
639098
137683
252335
486909
156807
92873
26224
932175
728029
688999
44977
917447
582317
212110
144631
964623
766763
82409
208862
39000
301276
368070
932051
204977
382155
733575
720410
168904
731266
871588
172606
710485
874270
491131
36097
649791
81656
550649
840925
724484
398541
558874
309612
814975
314355
843621
591999
174433
726280
776762
271139
900950
263964
658550
424304
466741
63242
330483
581430
363282
580589
945606
148944
496265
584400
140296
140567
651856
89669
69577
769180
698586
864489
744595
889188
677131
401418
891781
402862
844776
889351
134261
585697
917611
738526
515232
902059
105445
340062
111703
649835
592763
530278
978515
144914
915287
182196
169841
223161
820478
848631
257642
151667
584891
449735
78774
621251
625093
577593
29596
873280
566970
172409
393041
606815
201393
953260
696733
550474
376422
684069
197730
339682
262644
862921
563644
157045
249875
404053
39207
143428
349091
533815
113748
202690
359986
300602
176249
549534
17939
818294
176652
890415
629653
742973
271281
716347
174819
142102
833639
414293
494104
757499
348540
283001
165062
728332
541632
177778
573904
774016
683406
812629
781561
256619
432785
579442
899145
268081
813941
780557
349430
564379
879292
709058
496824
861935
91091
122207
96843
393069
488058
862872
703380
647249
597495
13192
907193
963560
376922
925050
140203
147929
817933
867947
486751
652239
512280
930524
708400
661561
590043
627568
246214
852913
299981
795764
594474
91577
391283
404857
753798
889588
875793
416609
473831
434634
487974
80594
77604
873647
498183
592005
30427
967663
70200
452914
968082
447752
73533
508270
307363
7790
293952
930888
474671
682243
344860
256413
664036
467155
357665
232418
172653
310966
673247
505023
156623
357871
520027
385490
742158
560609
872035
171858
216757
169306
39613
584777
432190
567889
465757
226424
441302
347286
260670
449985
95573
426632
353975
869177
652342
674663
162164
185437
935199
124638
28109
232366
943667
39346
127976
445616
648697
89417
409199
151683
41857
516389
590155
838594
792379
936559
230939
991324
214170
900537
870870
716773
493083
121161
750467
878729
91899
548662
318832
870836
283644
403845
415241
102765
210729
964548
465719
559824
886751
83067
123291
123097
579155
420440
396843
868487
949313
994839
76900
505679
441428
453951
453068
777126
950962
720714
698378
165173
286916
750771
73451
856925
313558
57141
149097
350859
402087
348920
783552
228856
676388
270366
194372
287645
220949
559398
569803
565069
771331
390308
530838
291447
515474
805730
481077
861476
637505
732221
156230
142710
599471
282711
280679
983992
673100
772288
648236
206818
688410
828108
74919
447996
987229
447965
115629
725760
813569
200800
167290
85523
315874
375772
62166
459842
943084
575811
567648
918526
883886
939150
169776
853243
36545
888539
995337
944921
286331
852967
612759
904234
875157
395046
95209
545865
249882
827720
279339
137371
165730
816149
874109
829258
131538
461696
802766
379633
429180
89722
90852
692085
701302
206513
844197
835087
688352
616580
319878
4934
215911
796664
524250
69992
98883
684275
83947
397182
238125
329194
528797
487504
851351
448035
717507
392136
932245
617995
838566
114345
115031
680339
413520
321437
111641
851388
167490
965483
462081
623294
321822
615524
616325
973029
803174
313309
231675
493551
175836
283037
490418
920374
803415
826382
578506
865524
439173
979959
842461
220202
837121
491874
9648
431527
296588
997492
988904
690207
791042
139648
360314
949979
515044
558336
237180
383073
13456
264989
506653
320047
546011
330652
481829
567671
775304
734889
856436
595287
991620
621361
568769
20824
241648
636087
466326
168817
166794
276088
412489
350538
982948
690313
170581
473838
977068
201710
646444
382877
285885
211702
450797
949522
359102
360230
872861
752772
228446
196352
732753
364187
100273
575518
960822
181728
51335
614753
614579
691377
473888
397522
178716
658539
223451
745779
415860
396109
452877
546817
586092
49163
12395
226128
852436
832786
603958
962781
100311
853013
402438
212576
604245
927274
853767
467015
500097
93597
238353
29798
690489
420950
854732
261714
870098
786553
769205
309788
139877
868458
450494
387364
127003
554002
152795
85828
470723
301436
32835
85774
793979
771773
547696
921199
683953
93560
634673
307371
728755
349263
616967
419105
539359
624900
332149
997891
632882
726334
894949
630363
195703
772860
943991
470107
619040
429968
967928
853738
794795
498545
814297
737934
884029
622535
142584
54470
70126
549166
475189
58727
196370
150398
782182
633092
30870
369549
343037
639312
976675
352176
172195
87576
102284
899302
193459
645996
68458
854315
727877
780200
464952
569316
733427
277803
483645
260075
442917
44653
204619
392163
436988
11337
431726
482085
820234
114428
506889
892186
528463
578989
610928
673337
56359
217155
168458
926005
415022
626874
403570
716672
906923
213369
546995
81045
618157
60020
701451
230666
889405
678406
105907
279269
593666
479586
891637
546138
954881
212419
602946
813925
273540
52183
638046
588212
479971
395833
642848
908156
358306
484735
919125
465739
435094
19136
859582
532473
246981
473992
999406
51413
717991
891814
342251
656932
17426
483112
807646
892448
934585
54842
741507
542455
729986
471935
318746
295653
460369
850241
293515
649000
840898
400218
977340
331309
879029
715109
279095
995886
823565
645762
801970
345259
821446
276215
798199
459289
510236
377133
255014
691916
977272
12760
649005
186597
432302
354094
108741
273383
986399
613164
662143
68484
840088
13531
715424
988519
351339
308684
139762
563022
323731
496948
707109
346535
657368
135615
149950
789347
127349
328045
665567
307898
776254
301869
920096
574642
373687
13386
504450
236794
754925
537057
814613
658303
795311
539653
45393
170487
999364
46464
896465
41250
99100
997158
989379
671250
601027
369289
73386
883983
220700
680606
17307
975726
843216
988590
246684
705750
786852
247700
83988
244636
982463
541321
794245
852406
136020
715309
294670
309236
598730
449721
584509
398715
143548
112690
518014
141268
809377
58566
61477
339327
896910
901426
821974
876227
47229
505610
740210
988491
697769
704733
868959
680490
178457
413586
387475
599146
948864
141222
909407
863491
196395
208557
887699
276568
785306
31235
67147
428539
340098
837015
213678
7668
909012
983553
227317
975233
33053
105830
65581
996756
574036
843565
247635
954554
78035
508050
392641
4824
629209
45441
218534
432344
775763
948849
390767
660429
774141
513525
681196
91768
995857
565677
695542
623486
369249
114174
67124
715179
479038
315835
169505
140591
2840
709065
552536
412498
604771
823789
495958
32665
385526
986309
102807
763382
813541
61093
811217
423254
627496
713664
368435
397646
90276
133104
628768
410042
387350
942424
215620
858283
797072
630832
119618
286147
458253
349145
118774
776790
504488
159391
239912
376764
574339
945554
8822
553171
788168
809268
933257
416990
889364
569336
283291
300831
149558
327745
413571
44633
366716
645948
720390
19976
574552
671919
937239
7025
39441
558067
33820
645941
805763
891835
376902
156575
611822
331751
560653
225595
252449
241061
604827
802053
439472
425601
773864
396041
678336
364187
792944
700770
151772
620472
146096
832324
563335
355858
405144
409276
582643
629776
470005
902578
812446
615496
854879
181358
955355
854232
653995
787312
714697
93543
630825
445675
637163
408515
681111
207642
441688
631984
287641
212897
793021
215423
647487
113393
798571
40596
496895
62229
511068
252596
624066
208185
87762
360473
51296
797451
13816
665547
564913
928790
214032
736104
812243
265764
435012
833493
569267
535394
341791
528137
451611
637336
745344
202710
734374
736170
252404
264597
771017
506290
69631
645626
61745
357960
455965
864672
411405
18375
619650
357085
440792
825316
725174
823651
238941
43003
747133
627925
312224
686355
962180
537189
996574
979293
531721
593582
956087
480885
939561
370436
887286
317800
978877
153445
199087
433093
506568
963114
803120
690144
516346
272763
40160
878838
131953
907973
523913
742230
784026
63444
756512
403273
706184
718675
517480
847591
183085
96861
128612
413788
307860
68407
476942
746210
290226
471667
571112
190048
131571
297482
493702
320158
442909
135852
713942
266991
636217
459864
900431
841957
49779
362844
753465
314489
751488
827366
304912
879797
976814
917613
302738
725889
395357
768677
624063
154356
628339
274317
618054
866540
991710
237576
284417
97657
861492
12903
583178
174815
624543
974629
794864
251752
651914
802038
865684
786653
369205
675542
837849
620868
168655
302639
563983
825863
697085
793671
394463
795652
66424
96134
866328
754820
724764
105090
822829
522111
942200
908242
877437
639667
656445
561520
664042
990371
851311
748722
700315
689901
666371
944834
761066
352701
125101
41669
157702
607520
26860
678598
967446
969897
599446
780676
695784
394806
488979
498273
428143
478053
474397
364137
520961
82964
424431
706431
646509
583079
758796
894829
36544
79544
417234
780919
855976
252459
727967
863387
353158
282963
99239
468384
14385
81599
484451
227903
226324
830645
926323
907691
428755
414661
520808
971685
775993
572963
298889
626065
8008
431284
536333
543154
704710
82537
361036
927396
321276
880060
118776
972453
834861
728087
964634
82847
419910
256232
180812
610712
177204
945430
805409
180536
898184
113619
465354
127818
853491
73349
625284
521939
866325
744495
619095
432523
51467
814540
963582
211396
158068
626685
3715
525956
440930
902275
223350
23136
953503
543974
390909
201921
416397
18130
473232
849537
464184
654911
59119
4715
556336
117728
91989
394027
536166
475363
763917
600846
723627
654543
124528
755586
318075
257207
270497
762010
167397
237573
653115
34078
136472
936123
62937
859436
730453
142055
958598
526376
120718
909344
767939
67800
785093
918605
618691
612970
251275
513245
215952
493543
598325
92319
366586
622288
628773
498434
924649
620910
857363
220610
127444
202881
545320
525419
632336
931187
50909
39998
850372
593515
848619
197112
404545
283527
213137
926984
769189
468675
324223
960333
928883
333899
351533
636271
695108
900804
895068
195397
981962
894222
274396
283847
878911
988336
485163
456969
610122
124642
805152
974000
336401
980015
344651
547037
739656
970082
875669
751099
17813
780530
646138
34677
481847
488647
673859
923380
451605
992213
338396
550302
810810
727339
373155
704415
178233
60356
599070
147988
546846
694155
259948
854741
983439
999873
869942
585259
888425
273455
843404
870970
328603
305750
936541
678424
368995
364001
91612
871333
18907
355185
489546
539368
989721
529083
581967
626469
928539
25694
378409
495931
746759
513176
939892
321528
930311
33491
704162
382703
806604
91146
112533
661049
888791
722853
276726
598732
891455
210871
845852
169132
683157
376418
737329
773500
79137
813738
931508
691887
772950
106488
350104
916409
179019
803761
933956
87068
179374
166706
2096
347251
200018
590671
755777
325112
997170
709814
308567
857809
601511
659321
92011
164346
139955
240052
724096
85
277851
847967
344747
140479
73347
422398
412902
26333
838763
946292
718301
741225
307470
552916
881336
438349
935193
698323
630489
846624
483183
397925
37378
996252
291689
571668
410333
264586
43501
647105
788643
283438
199618
219473
866301
520893
529064
168282
128573
440849
643353
951398
28735
499585
438687
964954
265441
391687
314599
457339
89745
828816
321812
483702
496536
233034
144608
622196
350374
651721
39192
954155
793149
948633
582633
972295
727964
361128
849
768980
807354
12365
329780
294837
516327
720597
417498
886030
701807
869528
543182
112224
474943
662221
295591
572994
437990
935082
287668
357964
32139
628149
346569
797687
935943
299547
728744
992609
604511
952719
495264
426180
140641
707597
604722
739638
384298
451664
446530
823363
510419
728174
727554
330219
355374
60063
695468
207976
697418
801095
526924
114123
699239
640255
412912
858893
392563
517887
77734
376587
543733
295039
508407
790429
796486
41498
967880
557523
492098
523928
509988
26243
641101
965441
848740
441949
578363
135406
682991
796346
257212
929615
818036
791400
855340
306376
663295
147725
133617
229578
796698
317439
287948
933929
39295
813683
762857
775373
92029
744359
929811
905610
160157
898694
894624
75813
613119
463188
205206
60012
177176
301231
312637
939715
14229
151606
217732
243376
189450
750248
782596
558926
686460
491617
678865
218703
882204
464814
461507
969368
749735
998861
410292
941343
474967
111355
206728
683152
36044
933931
408482
689687
251508
828476
722039
979759
677507
700814
905048
239997
603545
947289
459367
170149
3934
282077
566539
284820
190221
457199
850349
847625
85564
969256
484036
869486
227714
308598
87893
848671
754758
586881
393590
456947
962188
22056
121586
420077
557672
433864
24698
410202
164917
886323
160432
374024
676973
55279
720714
569090
960853
328842
902217
394729
484032
510550
853013
261960
478738
956814
735551
695170
324907
883531
359473
533763
500134
783184
752580
521536
58055
548943
855568
463334
24729
812027
667501
595171
837332
716446
700895
818414
574331
352498
746775
596335
523569
428016
75491
433440
893993
251904
394245
928791
36709
494444
13501
845509
376756
527753
256125
216638
91243
509488
853977
170578
740585
349810
727884
146373
676610
222266
881408
917863
53455
88247
549732
285744
147062
825347
634107
435425
192231
35417
771786
758888
224688
266386
53274
344267
834617
312727
558668
480019
311930
355617
191334
785715
786714
140512
476000
908673
461664
43110
724651
779094
793519
715410
180507
142569
519308
735083
168416
774238
600720
918326
521576
761630
872263
883852
939152
949136
434037
691110
286113
180423
549289
111026
842608
440041
386883
266711
373418
661822
288297
26341
699065
136990
785173
669790
459607
72997
599050
261523
666678
802767
982566
123073
446879
917194
314624
630275
809248
776727
156228
949455
399790
247427
559728
785848
225768
120577
433676
393657
51572
742907
486275
580948
888312
477158
982056
736967
223451
679906
127680
389108
344848
285629
576110
296298
141978
570551
229985
157874
319408
804680
371242
335638
784486
198448
944663
55186
125935
349638
825304
497953
265523
880540
446463
586671
976045
539232
921333
174876
610026
804790
576170
123509
958624
893072
414470
554078
189568
358067
461255
223633
493327
418661
222549
890089
76856
109172
389075
582800
569408
414808
674708
139062
331506
488172
343955
992823
159894
662803
626698
692126
128880
556793
566753
394567
526214
292096
220017
576169
394338
376906
632116
541708
238712
753409
258784
359627
710594
577854
690116
893022
431496
951897
66637
737632
920612
453227
583594
232325
186883
489886
655961
955873
25121
40388
862890
798964
166910
803330
893774
232308
303083
145966
808002
459547
708719
193679
635956
456063
618008
916768
916740
158606
249401
902554
885326
351628
293458
490106
317123
895486
159367
40355
389796
645465
363517
269896
387654
435331
692162
62780
150175
910450
166476
792113
601430
106565
681944
900235
734725
680945
791794
279452
942160
60748
98597
932737
865115
132542
92158
913770
827975
903428
883656
941793
300799
524747
656383
990684
654284
998926
22864
930769
382663
9135
426158
126605
249825
713527
21236
833418
943001
301821
249335
265500
871694
919447
828088
622133
355076
18390
347804
659845
215210
80092
269224
592506
797599
675555
936609
63932
673713
705555
782965
863443
906710
176622
581363
956202
405590
548154
650311
407336
823104
105423
388241
728002
187767
328532
113838
274081
515779
346972
238438
39513
364413
419638
156286
807822
335688
234534
227110
523880
85605
620756
789083
752375
907143
888355
116234
439291
973445
468050
389321
448238
166236
527609
508807
452588
604250
124384
135267
415690
466239
385139
740226
968958
110132
484368
575574
302060
877918
115790
255322
597255
150276
6808
190470
825146
445294
236465
238452
647901
174920
655893
522261
716530
215054
727694
209954
289460
347704
263082
287275
666581
586805
746180
437191
332192
506244
642935
300562
192489
937210
411525
710089
327355
87392
131122
865446
818103
74720
553452
988752
747727
311968
840471
389554
965218
503803
952980
612704
948684
654212
797262
567928
985410
114630
133806
786059
960591
706674
241269
999809
542831
464187
554775
468587
108600
917580
840470
977174
812396
800182
320732
314721
510137
161619
152145
435066
471714
936908
430060
123295
187639
882738
752852
618979
71798
773250
604493
823455
878461
269252
126232
367286
132189
819897
428512
555773
932046
247684
828303
731866
470292
164057
380909
506244
982424
864624
195617
499785
544109
973433
772227
900516
514075
722539
265011
82368
167750
805983
616497
966949
274139
561576
308292
471942
828990
951056
673376
413235
978833
480728
311392
121176
229200
204916
486217
103762
662754
741850
77067
865830
536692
105148
649644
70793
36865
837343
882742
300050
766065
703973
987016
105623
218649
102877
825162
740273
728226
940067
346294
605433
104268
421340
121798
343385
5162
580278
437834
565769
23602
327734
612558
76563
765027
548004
959447
312372
920856
936067
641377
308535
150742
469834
661147
328547
486369
974837
793436
353575
74108
397697
138550
664008
589726
328797
411420
781482
508324
316023
112629
441423
501207
656387
704896
445079
230525
869593
233540
949464
969853
836103
842645
22237
862805
595041
198490
708534
951958
638338
853561
784632
666303
17651
191087
310683
781864
783696
827810
18731
84520
246704
156762
949862
877654
163153
714130
971628
957480
994497
949523
195152
326548
971668
567206
959531
217852
598524
970588
244403
744437
350648
79159
432442
138684
686462
979628
740155
864783
589171
781902
76392
475979
348445
872954
879934
134844
821906
142935
899668
810670
838490
369738
654454
752481
441761
695803
774606
946753
477558
689805
295993
949900
794600
753617
504702
674348
767758
653310
114690
537698
193852
409757
821471
625129
21389
383280
20087
110310
114488
878348
414156
76177
2848
726010
29346
491948
219064
320476
287075
965993
131971
581229
157258
876379
687540
577192
837819
633149
305886
147379
275686
258637
796458
295930
541956
545698
751130
250294
435095
458151
912264
97386
170517
526737
747718
922780
323624
233296
496030
722908
93057
429558
547571
939323
642838
91194
790087
316337
737710
792861
442917
517359
262882
89535
13987
755185
536699
230072
798438
982446
921098
296571
798572
240018
603997
415550
762141
477722
956854
440179
223585
412912
101289
661620
709669
409320
825984
190880
995734
483523
13844
639526
631906
524383
545705
144824
73307
347522
777393
38728
67323
179441
695055
515934
220110
605880
734035
89695
85580
781546
122065
2655
770654
789547
727349
98972
982592
512087
369880
151313
206288
369655
874304
638659
875926
629238
192985
444714
884303
747600
859955
264044
335469
847234
118852
236743
469811
898823
376884
721018
165306
427500
377530
609308
307218
871424
554686
177567
575559
827302
704185
816982
403253
998327
286451
640912
574021
55521
125941
701899
527198
352279
633756
256556
251954
194375
468762
425662
227816
590931
479447
264501
6906
596181
673806
354350
305577
351385
51089
852040
833832
938052
556016
979970
583330
488207
472539
811393
93312
807063
842237
993917
954759
228857
384545
75993
647560
566552
686946
181397
752438
391756
900348
118764
421823
544325
369776
174380
534772
285008
201717
857619
790092
88124
925278
173511
660546
538087
580020
485701
493705
451453
283047
546506
193147
116587
592355
678908
370480
429483
844512
315955
135693
654146
591160
730315
57721
745657
271082
121809
578525
977912
655953
497838
745204
2763
315940
646480
804184
579893
776266
991048
508405
782561
218618
955402
236083
18816
939543
301422
290408
576072
835295
814750
586528
867134
354546
590970
467994
461039
80320
493617
241913
938764
327207
304893
347522
158015
99548
468843
489683
415582
395446
771915
964475
313161
978659
539617
506729
375589
161338
857085
977331
406258
425597
193818
942369
853195
505732
761909
771719
32340
79582
93297
784217
114857
428653
674956
171391
297317
12923
335927
65731
479896
862642
469423
609543
964234
365889
825433
170603
629536
389072
813926
41696
86675
129532
318331
361819
939391
532000
971489
914889
67318
315317
332429
504032
69362
90420
427815
701234
754675
428519
768881
463221
561326
689498
866804
600365
484104
391098
52785
366553
105634
473777
987516
569237
293266
661041
964572
976860
788132
630848
460897
620084
297187
398303
734756
271331
872348
696420
926285
90560
316048
492004
169392
792577
873163
395431
958694
901890
831497
203960
358892
159405
891740
988457
512714
717346
788657
391039
942181
485671
347778
641997
520562
183275
531105
231067
954722
624750
827903
190183
383309
803910
913097
849741
962179
85042
747508
424857
558649
739609
51111
630136
847146
188655
507072
756289
914855
507220
994486
689394
841063
14259
125605
486570
475011
625533
486773
423252
632505
682535
742532
412278
179616
139721
327331
580459
55205
31281
297591
906470
614037
132425
103131
711351
481225
148031
23627
119935
152683
514166
485779
157496
249476
228293
62818
633030
191248
916901
478787
763663
660954
264499
489916
213690
181147
320250
77862
182782
934970
539093
501770
973491
950637
273708
692813
216261
760833
237324
469903
340397
559348
498176
775349
169564
464615
690063
685105
564562
607594
177572
219727
851920
513847
49476
704221
891343
41317
176026
241663
508495
648591
73566
304381
648255
707629
515457
325043
112792
887081
230432
202376
30580
334881
350761
704592
830071
321967
679909
922438
438634
122556
662712
746212
179585
550147
796688
201066
130934
638425
738864
663643
113768
824373
870194
120662
920779
971739
915712
427708
397479
313541
383049
977607
958104
715625
402712
468376
515155
459293
822309
415866
91626
576852
139175
858402
154137
640283
205366
239281
634379
137573
520165
713563
305919
653580
378107
678260
661485
76662
812864
708727
727066
503064
972790
757358
364071
612284
323271
702715
597410
698109
689017
155860
957728
160476
31712
799586
963429
679282
573960
722797
497124
146592
310508
150163
102277
895044
477605
34883
730039
982938
823303
575434
579982
219201
172558
958757
902899
937879
63725
801837
6941
749265
870086
509014
809131
142193
206813
510357
464615
875611
188737
546024
373898
942837
989280
746722
914521
65735
755456
897815
309934
310351
330556
123701
190042
817729
535637
726696
961390
768034
828401
127166
426690
945949
326445
741738
276240
105056
682567
48995
15120
167684
40206
358324
81510
220668
173791
355479
503671
77379
646574
209406
661096
723773
813268
672629
358278
569435
932428
726828
872167
339304
419973
500358
573883
721247
820735
715836
481388
904447
575317
307554
341260
348953
144286
824973
155643
746002
641551
252367
349896
125992
472381
275852
22741
171790
751266
729441
589592
53599
667483
549506
583061
18954
45795
239715
328109
280783
247537
565058
63423
52391
906221
680238
982526
948054
693022
646884
427249
398854
732952
252086
981322
959584
33163
362648
578486
162554
918856
889561
585352
295709
435804
447487
38094
112388
289811
299615
313542
275395
334570
993620
98497
842536
326981
347194
441820
246550
539948
145200
531784
81848
685066
685604
287485
241282
412294
866771
286950
606327
218717
56425
433968
198208
994476
611849
152497
604490
604168
995538
732257
121278
981219
6555
898339
716365
31677
876718
202183
134499
504253
786511
353533
13603
763725
524566
108480
790571
850917
565572
217677
161892
451371
154664
282095
692573
570
743776
913457
569377
278724
867487
211551
457191
134754
128541
524823
975400
639671
754280
771575
684273
59900
861157
828332
773809
203760
284356
241918
186926
970688
366324
739418
447978
980994
168793
879189
221623
700410
699419
536545
671828
263674
333255
111862
112057
836429
429511
415590
127884
899735
456065
546460
927029
691090
479316
314031
531629
865445
636593
815091
104622
705692
818129
704116
524936
688640
422202
274667
682130
705874
929487
269465
609466
146904
933887
298584
552518
339411
234645
202904
676747
48266
47435
123429
821651
786214
226481
359081
481536
621024
870137
391263
526445
463429
175733
838560
643029
898745
654087
662211
78791
628566
236400
451631
413888
874218
849547
224989
968959
243639
13535
196465
37576
338101
494497
401370
539537
580470
511174
151039
463834
47134
554378
363359
836215
714905
80430
425032
886710
567912
152663
795479
182714
905629
55840
673361
622349
908670
88828
402316
576732
37794
50838
246962
843134
706511
399335
205556
770942
644906
743637
662767
490761
645892
103614
37494
819389
481468
877794
815780
928122
876901
936943
26636
232781
182432
359586
653629
205641
768633
343543
640007
338454
213706
699983
948687
333857
735991
201123
67172
183654
20891
523820
235735
722685
337203
22336
606816
19551
675872
959841
198759
282
880508
551615
352153
28479
199892
339705
394954
846446
859488
993209
74641
438800
869118
814859
788011
396031
442664
97578
754163
65028
543455
541109
125319
769266
218487
629304
305620
610160
359334
630307
949560
890558
187840
823008
844733
636684
690063
149090
537294
328663
316706
297869
499466
856044
533921
734092
550895
450129
225497
629327
781225
119860
445386
918889
963679
155238
417283
554083
703281
224675
887108
693490
451747
572776
925764
360407
660549
471575
876300
663223
954713
297220
779499
605003
67271
877180
351110
361863
333509
133845
175441
292025
670426
5240
540336
433289
822374
451169
420207
407668
715118
318607
633370
265070
932619
582315
249759
161125
859813
861931
962769
837423
601869
891089
781585
684609
814551
326700
516853
257317
584588
514785
993948
234465
547117
537046
614368
5853
659894
112484
484625
842423
82528
343741
923437
918122
974833
375499
643806
192365
47343
215081
900491
200172
381333
834184
998151
548486
205638
390950
550308
429261
320811
868840
126000
19479
292245
932914
415807
274333
476116
59977
131101
60842
963128
466083
425941
820924
753280
129618
984248
99737
126076
531220
739107
602121
172456
453227
668953
81857
330175
533722
622947
827630
195612
430566
52937
755632
121589
16958
773190
462126
563635
181736
97182
240331
512605
175990
176663
778430
277915
363620
718201
32757
983830
217187
583980
685192
423951
903898
415466
942511
458581
870558
857577
540543
355485
275937
763748
498909
23806
937247
849303
996187
788242
706857
106884
761404
633070
326748
872535
747947
808466
692539
314487
366384
682368
827818
565258
351546
706634
227174
222116
470715
882884
384004
199455
718397
653433
307813
425139
244537
899471
766087
310200
184473
173946
782154
53117
151874
983033
654886
901843
987432
738021
418805
474370
114898
436398
420572
615465
986322
672769
229087
441857
796141
800454
172019
842704
657841
135447
774082
834708
679800
453005
806966
594741
229291
212892
221027
962572
73399
125177
762682
574734
445842
58340
763241
985274
994602
912583
137781
114116
692506
840096
90534
178362
197692
404001
634723
551295
445275
319428
103099
781592
240416
955486
745587
254155
252979
111954
988980
353789
659393
703370
803660
938556
260674
913630
731685
950940
981995
902414
651476
683064
487641
120478
455018
118459
139775
952740
858013
800011
698116
121921
985738
196490
110100
138035
721348
324992
577503
524191
211889
80765
11076
282784
836080
7498
885373
72602
900133
673121
270067
880801
454183
638862
222825
643304
655298
239108
510102
282285
954027
201195
591715
142241
420502
784040
194863
376687
777958
588151
869401
148179
430753
610990
298586
266270
815134
459931
178393
918967
993045
344837
624106
449479
621967
932907
230409
772588
309678
969344
238561
100189
834190
47620
672671
951276
409498
7257
889591
210852
346781
990437
314767
604278
883983
12314
920891
870422
505771
289722
295179
211751
771743
625442
893445
696731
801576
297329
626705
429270
120032
30579
851769
437557
737187
675531
429335
73607
628643
639693
28412
247384
773254
582827
290661
934260
710155
868696
274883
784579
156370
109605
683786
154941
873214
597915
89022
460169
903915
149063
584213
992035
538513
606566
179439
530322
644611
651374
459345
850000
134972
23375
291361
696771
830985
475396
75479
652382
52042
185737
747047
700842
77544
137749
672470
568108
481769
804217
788807
969035
426086
192018
127096
978114
987911
203323
595635
650154
22428
602991
121015
181779
988054
230418
708115
634185
531237
615224
522249
686921
130834
736177
557520
36371
767424
734473
379504
261838
249878
445985
661542
622160
784995
209428
370591
727897
723850
841124
676227
202832
526626
704013
120036
414897
87044
36855
724460
164444
735375
324496
788131
699369
966882
508098
656529
913639
459512
418174
476058
19583
18486
750226
604010
808486
457600
598129
114969
158784
341846
430106
787815
274812
826927
603520
142247
701312
528857
674414
219722
975038
636884
853062
577387
616269
909520
733743
417799
241201
819539
338010
171359
376208
834126
547610
676491
839998
766612
19552
344411
229130
552921
391296
719410
411313
99546
831274
515374
639050
258966
475345
505182
596833
831240
327319
739124
755802
313059
770702
746202
859377
923216
939418
563439
192949
744139
837226
911490
914318
573976
646809
755047
358814
700102
846504
967286
515257
387087
228083
469961
814198
436172
507301
212546
444236
991702
445518
787814
725903
565017
365265
716720
380658
427942
751765
180411
523587
379183
223770
932265
555673
148567
161993
398988
232007
891949
625136
525163
775778
888644
314420
918919
442309
24462
460641
785639
995440
841598
626325
734614
859690
496949
257371
499820
541702
702267
950088
450430
118241
793933
338883
241376
506214
527398
160464
576985
741347
203694
946023
635053
584504
539964
109123
154995
906504
209717
497752
194837
80733
480384
43956
813844
911906
98425
627690
128861
617200
488493
661730
295325
641151
126718
411655
360661
154951
37404
127091
757957
479358
967758
846543
203828
342635
993218
671653
181935
843284
831417
598346
54803
178815
786869
824889
879705
737523
733113
989353
926000
699890
632084
610432
941214
717355
709611
421494
337690
524414
474597
122985
113471
421625
768083
255445
420357
224473
309636
68848
134896
494126
624962
456043
649058
148148
448515
104737
843621
402414
248786
507460
408401
424850
43105
74125
946235
51521
211744
913968
980898
572474
401310
737323
276448
512756
288928
911009
450871
230891
506187
864502
745840
544217
878049
540522
381298
220736
552249
235906
434283
385549
959135
580849
210121
888391
113755
382309
686440
234217
493523
927722
446467
913935
160988
598394
639970
289327
886193
225281
802264
477884
492801
499642
134995
765232
85666
668817
830356
134725
365695
922100
152664
280742
471824
859034
702840
188808
326997
489717
41008
577206
849923
947057
597586
962148
738048
190771
250125
50272
122042
875985
447209
618145
585548
540559
591036
641510
469250
708459
859665
375014
372957
227256
413873
759930
771037
325065
828614
120959
32261
196188
209839
113704
243490
943292
499115
253943
96593
588239
29728
633531
654891
385418
217309
152042
604761
884382
491039
199742
97235
217791
631352
105136
933794
970226
564060
808504
241114
512058
784271
991198
436880
613426
808859
170793
459488
399059
531217
26458
470953
577258
939059
693482
310564
76646
666879
279385
719190
805616
12112
119724
133712
47188
211981
987542
835899
439128
847896
619165
194364
459986
185653
494221
110686
437695
136112
677633
743175
178608
761871
728433
924241
798215
342276
333809
536925
106132
585636
532879
595916
447124
492327
516986
520818
33537
139660
304039
782762
650036
841037
573356
706040
499744
328883
201179
114142
220462
900264
715488
426881
883331
781449
671876
220516
374471
731469
232565
447032
725057
948528
291254
144270
545613
390546
968063
601332
962271
923172
755446
241326
862913
427841
4771
447428
948688
841162
562067
708364
604744
700526
979967
894337
128393
224054
695147
683413
900884
364461
143344
61316
228421
361605
335606
899836
784499
468190
751598
224212
814697
377017
584459
988417
255151
106596
198353
557604
965920
573896
363486
731332
463047
843292
783452
800869
98120
443206
95489
439193
815458
243970
492746
194240
976398
504290
529572
805589
79784
231286
344787
279143
563629
438568
94680
524666
361701
958288
388273
682353
433844
967644
7577
703926
674521
993930
768588
193954
932736
611724
236634
145849
671526
953654
798802
712021
244317
58709
11501
443966
3038
216385
680627
692061
937676
87655
628277
49102
765644
436619
755051
666919
931533
805128
999967
590107
984788
118374
56333
749233
219016
88128
608502
571894
154792
170913
128397
923852
591318
571581
446822
717637
989441
121242
348437
712224
28071
371435
95239
233636
136657
440194
229649
656318
318005
520467
866187
747784
185867
407171
703859
824802
510649
226004
307978
233957
31356
478265
84055
383494
583820
697483
475453
612406
911951
609684
773599
877107
56563
35378
18307
230848
532092
182682
294630
179053
73117
930639
531060
47157
915482
475936
188406
152683
312119
874608
171538
636804
740027
280503
356169
460238
379012
607493
905522
677727
259190
931762
741132
549255
758911
457406
105053
603009
759890
539273
184487
578249
314034
461883
639950
965090
559715
950262
360388
421610
312646
474229
886212
714145
12024
937400
728013
943217
110901
920939
592509
746782
358676
613481
876941
699858
675226
989038
781394
556707
424196
270860
371340
392244
975652
294423
801398
2194
305897
149706
752124
235424
882887
410137
644336
102054
633559
34942
886503
491319
730369
26503
202019
769173
852716
818016
140622
539140
382143
731147
119937
504674
652936
997702
828417
337637
410298
380963
895256
681975
713944
561269
398318
881675
774173
166044
761333
526824
275577
516633
806160
998518
799690
67981
574696
573870
991424
740927
587094
846662
224043
911679
152163
804309
995145
124695
135102
805944
85569
538739
554250
222953
332828
385380
125395
848966
297596
933631
650008
794974
835210
447966
211869
687114
647873
788761
34010
373884
312433
532456
959318
449110
105743
281463
845443
152697
627481
519423
653864
684768
298765
267201
758963
813092
719586
39405
485209
759931
384161
237384
712083
697918
417877
217066
333190
151152
695325
180017
814571
98410
491258
718913
584205
94518
900983
659211
225705
51034
658806
628866
117338
782553
24954
662612
154693
602123
458792
186167
525896
866742
960266
6407
364592
871236
664933
238724
336305
594528
43548
953606
783175
389590
697929
366692
168704
778610
781396
865320
71537
290984
407938
202475
936860
938065
616000
943939
811823
284838
505215
449980
315167
75596
427895
501224
80532
388420
503591
279871
510076
19912
77287
926602
84868
481643
869573
813957
330168
886469
215817
752399
868487
955579
508516
821429
592277
178639
162374
399595
346043
450965
508951
763769
895110
184421
127180
446945
453379
877542
595875
691491
669969
280261
125308
530170
342233
576534
951628
276938
251226
810963
524819
735225
654390
428825
263921
666042
660667
231330
895356
329531
63065
915168
333289
428151
110309
853965
224347
973415
46148
768808
100935
716965
994802
354140
192397
99921
643010
937757
77961
592333
746785
634904
279394
900773
611248
394966
766987
447398
154825
71231
186477
671275
473501
957857
684982
984794
319499
516104
652829
433399
263850
438362
825074
51163
312360
754291
854091
876290
817622
51094
392083
552905
850120
45323
173587
89984
500843
493364
716459
417721
186266
786631
449672
217287
24914
769761
468211
734056
355821
704718
708038
394114
426934
390466
724889
295217
730434
132182
54327
183956
313961
431742
571125
837989
851731
670967
605751
670016
800209
107523
835266
880609
157383
320490
388533
410807
609921
401848
281824
571448
637976
518625
283038
754387
24909
524708
123479
649857
469785
507532
70648
663828
542019
129277
741397
622874
209533
855651
663048
566657
479140
601579
353030
98334
615035
643869
371990
330223
917787
210758
570977
547267
287086
564888
936073
642605
504386
388840
247794
499962
608690
810103
413079
358811
871366
145183
846846
287286
142712
757708
476641
713525
326292
77627
794125
65275
646901
114541
939452
698612
833295
690432
495230
575581
237772
202397
358741
59282
472480
584136
895500
15684
981436
816601
346224
737625
532183
408876
953414
267805
643518
876947
32883
539276
903081
875997
733506
901932
345609
836918
724047
673532
55167
503799
803371
660623
98704
976874
718474
672110
404284
311815
69592
451776
146829
66064
456968
156891
807954
560472
397229
270221
169650
882236
357951
84672
721438
964398
599825
327479
495159
656638
384456
767477
784167
76371
493380
93608
625421
68020
3494
299453
535889
296426
848488
890031
400161
922287
183763
196767
656666
998679
735419
784632
695452
796001
46311
289906
592021
156271
655257
24730
566936
263739
800596
305475
245183
193660
99368
219743
195093
954445
223063
445738
680468
677968
354563
38474
725276
363249
406402
334740
62878
511708
8374
452823
60951
912344
240185
17693
643368
629999
56490
723617
623037
667587
327407
690668
855496
671391
542698
772108
713750
94123
67833
220781
976763
610946
193711
665855
178596
888156
976593
555352
875328
484537
742806
289795
541464
617735
508017
701375
938765
197870
754867
518348
302112
819357
66600
583582
54790
664081
28816
800111
76894
446427
900932
853568
114255
986781
429081
399530
523482
776956
495331
568155
946264
615592
130270
587120
507508
15845
388276
495248
74495
304274
103413
731392
606078
548731
820048
218223
252684
58020
74042
669279
232699
685847
578482
488346
908256
59145
857233
875176
629702
278752
474548
820300
68905
667385
235846
460886
799225
420112
538885
740723
365503
714710
811024
367628
375365
781050
18131
314506
783632
933038
795372
97223
621461
676365
745990
646651
374216
597904
459688
947796
136133
724340
203968
788716
524819
736350
706355
717285
229733
510143
147277
571115
595971
38614
366854
677691
669395
225062
518087
285382
814793
807760
91685
626982
851669
603565
112376
999543
306285
358547
132091
380087
344153
104954
423596
86135
988780
475432
581379
254571
989713
872861
211125
665170
518163
503223
361334
995820
755492
604446
998117
483794
293014
466781
687136
430274
785065
4151
469884
237797
110869
858452
425307
377720
614163
814363
100516
472584
758506
468828
462225
281770
648373
523132
678950
991638
107132
363469
12445
483104
360144
207437
676456
247128
685759
987428
492599
734413
13932
644584
702983
486265
481406
815987
897014
171262
902019
73130
757529
992279
515834
635817
457614
914872
935078
396001
590088
655249
987829
411128
215150
6930
327046
448431
774232
17694
78636
478600
647477
925796
205861
181301
794290
77123
526282
456633
959774
44932
199335
682589
844237
499539
732798
89351
703966
16317
814507
13708
242296
438131
111803
685481
663180
931190
825043
196096
814848
76360
520189
270574
100054
501394
176851
180925
137561
666755
603075
423255
627698
38514
206784
280441
711242
529623
300103
877326
907170
37834
693117
425112
754841
799661
183620
233194
566367
219677
323032
352412
885410
632216
579859
707602
410112
679768
536034
948035
454824
410476
120764
156119
90381
476978
115080
857955
820824
908136
790710
914552
307209
517455
517312
36533
549441
110230
156902
848282
198559
779297
939901
763530
569847
993083
72684
689938
880415
48254
730580
756293
999301
124188
180170
387635
756109
552085
291040
459513
588900
259160
828265
918944
352063
667492
85487
850646
736092
880512
392830
10206
10677
572507
799263
736963
946975
606483
452972
778839
835678
607084
648842
994376
165868
872387
246117
808867
175518
24017
452876
285349
941365
635016
978398
257451
381454
615509
413880
176996
539437
317989
29441
564558
630173
925597
886600
962108
704221
440507
812956
271092
213655
543156
110250
212647
969453
746861
93264
875665
99979
553172
339938
459386
919755
330478
978521
699771
274106
139830
940905
608817
998736
430770
999705
994550
440509
110251
809798
148646
177726
543765
188407
411751
19652
195641
300637
236826
448555
760452
437127
978357
41357
736005
923786
892445
257225
729874
191626
308007
535533
358705
823256
767506
617338
36692
206018
761983
111837
378863
311186
843156
270084
137187
525155
403952
698420
811230
772440
326541
579800
738560
589997
949130
84220
536194
233619
390476
785703
298661
965652
196122
796561
524131
78500
636012
679084
188596
811351
224940
374663
83890
547941
926586
746720
944818
832547
34660
315096
525017
688754
945079
590199
265172
844643
937455
75059
305956
695655
831759
934397
855802
210728
190680
82331
127054
924134
92145
165595
272722
290624
596294
547758
484190
904272
789638
806899
828688
156767
787060
727351
397715
558606
371925
487454
56824
489118
129841
100325
594868
946386
220531
991967
607598
803687
428605
810794
407777
224995
953587
79022
690753
144706
34686
805089
608299
170266
818906
518100
962886
609733
527504
826104
665022
695405
287381
721719
976963
391778
949053
490372
919569
534893
12230
649005
182784
284155
942304
785336
787200
355986
192828
352339
866834
178789
89324
566270
157364
611562
810302
952613
282157
86446
400564
706715
267257
821574
371106
589527
650749
550259
471767
398830
479285
187962
745549
462782
515602
245762
690322
672006
251670
413358
710369
113432
375825
393588
618137
94176
142343
853716
988380
703072
325730
819350
629564
515758
914852
219448
961214
771479
461366
671889
333544
987954
960661
476467
628661
680095
381315
983357
460964
776796
327425
720563
24978
719451
800242
620454
876344
546133
238650
295994
294978
416206
919757
600578
188884
999151
908000
334657
397246
719874
645737
468368
522897
441910
304197
219791
618253
785487
298051
818583
295894
136641
803377
537639
551262
428644
787312
437558
572
23588
618530
999381
29894
286918
423205
937799
694501
696757
277270
971192
683960
865036
335997
160969
627185
50581
194309
604609
841777
450979
611342
234233
348070
554364
119433
306472
570647
874123
578165
116191
823160
409704
424382
215876
318143
319684
351959
572933
514056
401296
201746
456795
783372
689558
731127
324417
637657
722686
464494
981340
335540
25139
133215
224369
276246
543873
195171
645897
101522
534205
20239
888383
199857
511359
394339
610623
621488
29294
139340
202155
600442
845277
67572
885246
937289
958950
965847
20504
701592
566308
134028
118107
675129
68884
372778
900571
776677
329654
534721
225180
188265
97415
661904
888027
318674
112954
172665
279774
270842
253838
112081
785690
832479
58219
622335
236581
858509
915877
639083
314306
331117
477747
508665
188369
132335
286453
752858
28603
901046
550394
811076
526149
548409
685214
35191
230124
511100
264609
270515
913997
788738
938160
250729
988784
121415
2084
116201
49134
252452
882480
362942
649883
168806
77407
206458
708705
217495
436327
898278
626664
318759
342423
548704
738796
881422
132487
526704
547301
451509
38343
541837
83484
374293
959637
121072
389422
395038
66617
726039
625818
559643
770082
229555
337560
196086
446806
866625
368655
776383
153747
209888
536483
744037
293638
268090
111428
731509
928328
326365
139017
531488
198390
187365
154902
341850
891857
868337
794712
304559
114432
849166
290275
386059
817251
886201
360982
144606
513666
675148
772007
234931
676473
959099
108823
64332
604769
255049
125148
312074
197512
320770
411668
703783
56781
970125
370449
507209
945580
31707
726677
519236
519643
374146
457584
203661
732923
822339
708782
500908
994441
972831
685450
789687
959109
897660
6801
930384
643088
317803
275582
769958
498544
83916
670200
168219
82254
226076
825384
974338
541421
115055
28686
346194
449070
938950
722076
356368
341666
569446
687688
781078
767347
744116
287903
904664
262464
517482
433102
928388
374223
426634
851844
119432
470300
780222
463764
772596
27
11401
896792
618022
461665
512422
136720
718117
445405
920588
225824
484046
214864
402999
455121
749352
2443
809540
467870
646713
210387
146308
436744
647778
257156
241216
62105
636790
632290
314221
81961
201043
853501
156472
562105
983786
697967
79596
657377
91205
70830
74613
40720
139824
728517
353327
446500
985901
412764
131700
591722
46353
165781
539819
380121
915854
143539
431166
214261
255278
613613
596790
408995
742682
376379
127133
592793
142821
636167
679186
962741
629503
908566
557497
55307
78573
930989
284284
881250
360464
797396
697611
778762
189663
237825
790892
530989
167189
796510
792161
40872
183230
651984
369013
482640
191816
300982
696953
108650
598573
495733
519561
555330
507285
216327
934573
180601
538395
161370
118256
886920
887078
326488
551775
189646
611735
429528
87690
809648
299812
680830
135635
128926
324207
583036
393377
40008
362655
339652
910390
937789
727435
813870
123921
613634
939599
629027
583847
390614
299597
734759
120029
683744
489461
134758
517494
217003
829466
516487
753752
798589
499853
207604
67800
966144
582359
715284
686251
506884
456829
294480
326662
734107
314565
710552
802692
661718
395617
50926
360770
975939
669703
226585
250747
67832
383069
766934
217596
405316
254174
247232
724475
860526
533312
381162
165862
769295
118814
888642
885860
627707
447503
173127
856112
953745
16127
616041
213495
601545
538807
171084
574408
411780
179155
938049
789280
157564
887710
242198
838683
118448
603742
292982
749994
209571
283425
777488
352300
411740
57191
227305
876507
197474
231639
978739
879601
353718
664117
461183
592690
29942
171529
471588
937769
281046
27386
464104
401552
630044
450040
244794
425618
399178
101456
292403
324128
752472
793457
983605
762472
762170
939326
22729
670059
902371
47718
336171
76919
33681
969590
348105
230311
6296
812519
102381
339672
462056
71589
586042
911262
790201
475267
373742
139559
634215
634156
977594
502111
48761
536627
429414
927690
545165
712954
743469
992344
340389
379214
169213
85931
999844
98762
307257
132115
995793
643786
787975
69449
625646
299310
936647
794865
132485
530212
807043
470136
74411
214
806840
936092
794191
891377
601581
187108
704268
246324
999684
692185
740707
502152
643581
410844
984683
509464
467990
37811
760411
907772
101661
904763
326874
405894
507182
990236
572331
179876
63080
50429
503797
912530
722863
631470
71673
651643
715456
318835
91543
938323
708784
904482
837936
909073
540597
64388
466743
143810
229910
679552
14674
878873
688997
321059
578086
182759
449767
548735
58310
303719
717743
465522
168421
86399
64972
740533
985913
691031
285183
56025
856567
377008
369246
907803
891885
17536
864040
541022
325524
926337
532793
842623
430256
896633
825169
8620
801239
681883
858047
944451
66971
688102
157517
257692
222244
415167
368793
144559
218097
688259
212400
509661
683985
671348
894906
563767
943790
9055
813847
538544
278877
431590
136134
763615
762908
878227
966589
70375
214725
427995
485832
670197
981290
825476
519647
784847
844783
506595
768700
305257
117255
560066
533086
906704
322189
902264
550849
683231
114911
367667
731013
683355
737692
672693
173209
72707
904470
804256
948538
851030
856708
465519
518773
933479
416020
728914
989794
194253
561744
507707
537841
600961
903767
369810
618703
640946
537333
765422
357667
472276
3145
417614
359955
959403
102781
923395
277816
204607
586932
434303
967788
359885
984131
700173
429913
422475
267033
410504
138985
330145
56956
829355
743988
795698
805866
709476
332052
792368
357887
983588
912499
929454
865893
154691
428710
276545
691631
133030
375812
501443
283831
139292
355442
566218
799434
285784
150191
826526
226658
822559
103341
822985
510839
121792
810328
161447
440776
236329
764713
768361
113049
563494
694156
463185
964492
670723
669218
483440
407009
86978
451365
850203
424823
642123
666984
373681
117275
317179
103825
831874
766559
554420
367686
560166
596998
803374
711519
879439
763198
10539
626397
730740
982098
525206
507977
668043
365075
958009
846522
29033
456652
374387
937679
580584
936789
954112
365274
738130
837100
480880
109825
795834
196149
808210
345168
794542
54996
960577
488823
656867
464951
323439
868371
840907
415643
178217
268588
932684
819341
348787
784195
97238
51177
684436
296604
405685
775861
960729
648385
190713
753570
733770
700061
298146
183981
631665
337180
825484
59096
378417
376211
113006
160144
865808
805915
449531
475532
671930
421484
616634
334245
392218
788316
790150
112359
381188
243450
863787
745642
788105
35557
898404
227764
106126
397022
25612
512387
384569
329351
414018
680741
66068
473154
384349
524344
544735
203362
789829
847543
288342
234568
28850
542120
689376
264642
637890
456567
624109
392483
676773
159080
451328
243459
988827
127069
829283
255484
109198
763148
550872
859288
525637
467695
454964
342754
619975
543703
283254
130992
616810
194422
618709
257914
188373
180903
464816
944210
497374
726216
58730
240266
700557
786087
723852
659587
434026
148788
750554
59395
800136
40460
412349
828323
825003
717541
239212
258949
873287
238166
6279
466588
827394
144255
862468
447800
477654
527973
675823
945497
873147
607120
681551
892768
377349
934691
401776
207365
933072
826614
887496
953406
240181
978436
827653
846561
120353
638814
23011
853855
756323
997379
596828
536939
138099
885612
914547
307690
753296
980217
894334
969195
983067
938823
511941
26577
197687
243371
580365
718099
360871
30517
928928
103893
905293
630256
845299
558425
969529
981941
180043
271066
923689
728249
828770
283481
859881
582367
609008
173818
938681
671079
333369
199789
125301
635656
610462
594937
380563
457986
378293
73462
392960
294513
371434
858932
393583
655203
530911
555978
341665
396038
789239
215957
29967
339044
568764
762582
965260
396337
835010
899764
621635
188207
462341
709451
856664
842058
837930
938617
283372
445720
93024
8325
274965
22972
987144
246948
765274
461025
396393
665221
80307
638096
938398
191378
436083
792687
299245
968091
12601
642915
83206
110620
403672
775862
256904
300301
735824
438141
458672
774000
711665
623254
148569
572038
474421
797456
793182
146918
723377
378669
983591
242952
580860
984088
823137
607727
938534
626659
302348
428721
161669
630764
889153
479107
359407
993484
240244
547739
277090
960339
979052
168623
754337
570243
570668
922329
961209
702296
876334
306934
725816
385084
642689
868697
995221
84476
71505
252819
469613
611949
906441
252145
148478
854126
896626
622568
311784
907325
782614
375594
459778
623093
634114
183978
900747
69134
107543
133432
797543
178412
508544
840208
567608
103087
478018
800509
295592
798759
838379
396794
434424
103182
879136
263899
618529
344073
867693
432828
518439
606151
868695
355847
886626
401787
110698
916734
930776
352464
471436
790701
357475
450508
358798
548710
501768
744603
920752
72160
241216
629775
269313
970029
343492
795891
189691
170998
939801
523498
262517
272658
814291
59574
65571
428817
359254
606501
701765
6807
68556
926975
531791
509891
889083
373096
681659
936183
181131
153796
523063
717800
673208
845264
452425
559996
437182
913010
49843
682776
332892
194585
194122
22512
461285
592014
676606
723544
377302
284777
85672
454552
114332
250416
923201
389330
762636
424231
232789
353396
606846
366648
621087
291695
203536
357909
259059
296164
610517
195004
148912
1310
758834
591680
994310
831785
25053
243009
662687
304048
295051
569957
601419
552368
44528
799575
374810
198902
554700
539147
932521
501218
474791
341033
161247
165987
180185
347768
880788
608359
313451
971636
638234
516664
669548
651515
794037
641429
696529
157075
538357
660146
276014
31211
473601
991372
387106
241899
831443
98170
680748
932966
644715
668760
27779
870233
615507
436483
757671
631850
640741
566922
785615
417981
311787
979987
750618
655676
570657
149110
135796
934694
989611
187371
54903
672853
840413
518409
856234
916249
117321
491643
807113
4525
908647
748617
386464
282533
670718
249411
305401
892853
213766
388507
969556
762125
536594
534009
250111
130222
659523
97308
782302
425735
913930
9032
592430
32049
909981
883966
206725
958361
474836
290314
408726
634407
934352
155351
651485
410816
538686
203267
91567
268542
8292
527433
849822
144768
263516
242605
263181
943116
352269
247370
266448
252079
193461
94981
440788
596222
73571
288181
740909
894613
139267
277619
541971
360861
684409
259601
65293
554308
145724
788534
66378
159611
398763
153684
545270
275037
460160
118043
288926
138386
488230
280528
214852
981523
61264
843796
48957
312436
439862
246589
857641
132142
549624
120809
426612
250756
863919
828891
941197
739885
79173
917694
115531
642644
700878
528549
489869
122245
740715
845069
726420
458930
91607
307649
486704
677863
565060
931655
358275
622783
858031
603041
51454
293627
799313
67402
224872
993670
820087
493712
498437
428572
718665
898730
760296
990108
478702
863372
455521
144433
51998
58744
68134
114690
288438
911672
364738
146199
799500
946524
899607
134447
199235
422135
902284
617218
364858
860630
542031
407998
506258
389674
977937
799792
897678
78278
614319
208909
943745
591535
679197
72654
60921
873645
83709
539710
886521
637579
232744
995051
963840
432791
143346
988240
777753
75833
799556
475783
454271
56461
256274
809228
234870
408497
575448
350195
279123
950583
222846
207682
969812
341547
126252
66900
782930
390568
550755
86492
317905
965522
81154
279673
503668
456319
269420
893858
895063
363245
346679
766333
571029
758714
259921
855923
258743
682917
950438
175322
931506
290419
719381
700303
68204
824449
707077
522813
102754
301350
543404
972795
676193
73443
304385
407874
491183
322518
925205
992243
443229
325482
257518
340982
515705
690807
855669
298329
443419
300294
745700
117655
724172
940964
166668
26681
446636
467841
479730
525471
549322
376572
632860
557155
734859
657761
338070
853565
163686
102579
965392
549019
267314
285370
391516
790031
314804
736944
73025
673583
692424
121832
361116
90708
531297
620687
666259
924170
574892
804394
780534
143204
96967
138055
659361
27824
217748
221882
317487
865012
602727
140173
160600
563309
601281
35826
227883
647334
518165
938119
408074
374983
938909
537074
486627
771844
256379
14401
404588
307621
288253
85857
633057
866086
787435
191188
157436
175632
62978
519478
435672
706702
449023
894647
748110
815596
405626
420999
236702
824782
228222
681689
279832
451357
9179
670107
670624
370662
345991
451698
93012
823957
708686
944915
592206
582100
475518
787534
260416
12513
376486
921617
262584
822967
992748
197591
895517
312861
768089
494068
809331
285282
486654
890806
16425
586502
493935
556688
306381
247066
416913
40523
270138
236094
173644
829233
3573
134098
911571
309315
264643
501386
159320
142460
530467
825435
287527
341114
684138
285102
191955
705292
461100
945121
258834
544599
819331
499039
57665
826108
182958
448019
968595
277981
615103
949498
239560
626921
526299
10011
522070
882527
445027
245797
938100
111146
186681
7293
1045
946295
102716
932842
256405
40654
248774
353823
647071
306073
503385
11103
107623
754507
769225
803855
268273
158786
113194
389903
142796
867246
689807
212851
110787
916735
733602
509716
514441
789795
279421
558417
669509
34944
511101
909231
131857
998421
433510
447447
201150
901374
623950
251239
971495
689739
102534
555729
469645
675023
696808
401154
254984
906513
511258
657743
274459
22201
604608
113134
213979
941831
137578
796536
415726
899397
766229
339453
167685
294998
611158
633663
480950
963633
752087
521093
426698
318646
782377
667015
543185
666571
903815
11248
240544
972776
206637
140675
598340
70124
319371
275977
329947
497469
797247
463772
85024
854090
891301
896889
232725
704650
116490
852693
498597
882698
68746
113494
683477
844341
838265
521544
498848
733913
195527
752706
807571
431619
406004
130678
754251
105378
827928
474097
229467
749222
571241
864660
678037
758784
561727
638685
871097
629932
984771
774777
50403
240914
226853
584388
204906
995041
158004
207152
734299
233132
682965
902307
343718
775378
173265
654163
626119
561386
38820
202952
235728
658139
284197
709236
431896
173409
360584
572511
964144
906946
182820
828
253241
710902
330577
804223
678605
89279
964837
808293
960942
33270
410984
513187
564130
955954
951652
560918
232956
776346
260161
148702
465839
61095
134039
603110
742876
20001
661799
304778
17317
344664
370849
980282
364954
331678
725511
865418
318234
473633
314706
696926
776474
985702
858431
710716
975829
414191
594139
368112
390854
457491
985903
192917
342736
875126
644624
422357
59854
653467
867355
665293
916592
795439
559210
332838
466089
593566
242210
372495
935684
855440
339150
492376
350492
599510
111729
167145
408916
726264
440296
355284
356678
194802
744098
304924
980407
35623
736890
193029
364555
445807
105506
721962
828666
368495
648721
250207
192215
99379
1969
529138
629034
952178
720205
514122
22727
70667
610738
630678
245482
271255
346184
837493
951508
833379
898275
602867
722664
996194
48597
62832
746616
351848
467770
635142
247943
582919
420985
907197
115292
597705
946091
308186
867900
518419
135446
113864
232949
586092
131390
251764
659243
382451
776993
282259
867257
535976
508488
890924
307451
475099
679338
907754
227391
717283
299729
437101
426174
659928
198324
909109
900499
301349
875892
881976
42345
938504
516856
691750
116093
564794
502176
486857
683544
644335
564268
445786
217617
929619
818405
867443
941686
370217
270391
763279
197858
270086
533505
331143
257380
332289
981697
133699
868029
166201
996377
886379
796593
27818
435786
502329
140317
890230
258453
217479
953638
454781
53727
480338
949304
131890
645730
702272
53664
773400
11088
780830
662129
671872
12922
417395
25163
632108
161435
737037
133197
143233
526031
915019
240860
600353
597201
317000
842140
217178
383613
647639
647292
143455
665013
766503
231448
949010
942364
555597
192580
726933
863051
901237
753571
721458
331543
950619
959666
202733
365293
959215
109830
300400
623587
624797
796704
878038
973361
345942
251723
408161
14254
117974
653451
619547
584215
38130
142411
966899
183477
977337
634418
455994
876720
249734
946973
948857
251587
820495
583908
668586
958132
529029
826036
901474
555047
132432
664695
488426
92930
13879
644673
139980
644390
920954
584139
814485
285952
469419
111400
140819
760293
141169
560132
12325
136534
689327
121508
415971
747444
410110
944484
662342
884236
588609
836681
646508
911526
102761
183448
407447
227591
176817
687212
605132
235050
598311
497847
369700
375818
672005
570778
190277
57377
962181
312774
40911
663766
718804
776704
487561
613506
720878
924374
704548
983549
199485
193678
954242
601630
270953
617105
8425
774839
647343
590371
418052
509955
995847
712141
341357
294445
542076
369836
607309
963828
691638
231802
773298
128296
19630
423358
882469
955644
158146
739639
684033
934055
593060
712014
358614
214126
737484
434922
714799
375893
93882
817985
974181
43541
718133
560606
38759
518317
335660
640254
569260
927291
138705
518884
288081
91950
659681
671233
936008
600620
310050
358448
339608
840390
808706
409557
313131
59056
137803
897498
87846
376790
244116
791408
550865
521952
902268
210472
331220
195075
497980
733352
773110
747898
729672
979736
413283
910744
65048
878285
97622
905583
773521
676041
783357
386002
56595
143964
868666
29339
694685
522474
371360
878829
185288
14323
760360
948754
694867
91602
500785
860448
420188
873877
100867
394959
93263
240987
215397
757983
438982
837059
677880
133190
985972
913609
342748
362552
382415
122685
661904
488724
683989
770605
254294
763292
917588
479500
947553
839854
68081
409081
928583
30057
606628
823010
901840
779562
525437
738802
163417
673336
667300
817034
57535
70440
438832
432477
315439
260525
61070
792210
221595
329449
430860
87982
492001
651948
944643
529000
311276
647722
708871
108016
982142
161753
15465
893948
187733
873525
531215
405219
598229
723400
13471
655560
756287
317284
370536
860120
408719
592488
789502
55870
865468
883390
20978
182558
826660
227136
244411
747173
548475
464988
231942
865229
126807
316412
789723
49421
379542
532719
898624
429751
26
340352
278865
220427
2678
315801
445911
748374
465065
444372
800708
695635
43935
735230
851644
57141
977249
58751
545154
809224
170777
392607
608305
413967
336441
885473
742225
560485
30869
582466
208949
82429
259294
116194
757024
973568
770310
575200
237627
953768
637648
962706
312585
47893
153769
869283
170316
120421
238596
202566
964967
760102
680517
637335
180650
118352
346199
931718
706397
718230
494745
252262
224706
105129
350100
228991
509122
274398
737734
806482
749795
477618
834976
256291
699056
626268
147926
733221
410497
202544
365543
501189
660724
138113
625602
916145
475961
652696
859198
871724
731432
528438
277173
497953
749371
654351
207894
347180
792901
307678
317225
947755
457974
546979
365692
579897
838536
948182
308848
448384
22917
47984
196343
574035
125595
811128
697365
143355
188256
736766
207457
860729
157383
466147
6974
985053
558864
320701
612374
961367
632279
115648
738881
971731
947468
728739
409295
963760
947121
651543
983796
567733
462664
253618
377125
201634
319186
920213
720108
583009
271998
932765
839423
412960
77928
96847
506201
15355
875518
133260
351587
532141
806750
490123
540348
485944
375523
32443
857423
950254
907643
963820
937723
753832
62603
203427
573329
696785
280061
24080
819384
345828
933204
85926
94642
898976
134915
428996
717263
855776
245225
152133
943906
717480
770949
391865
794633
224921
996617
133804
527184
921653
949257
673024
805748
875517
932791
310276
968611
400529
58120
766795
581130
977499
879758
654084
620274
463774
955325
648994
230842
770465
956401
673649
693382
477331
653250
559049
208413
237396
538834
788949
447567
626564
232168
512007
669833
206531
611648
54859
922462
382111
883744
927969
812383
490080
521116
105044
442932
241901
849707
943628
933747
104896
873804
881367
926095
440125
817183
141055
926057
876940
27096
830229
574526
402214
952366
755128
362608
405102
52045
767670
585549
461152
918498
149087
819678
348235
700395
696581
567683
432128
778973
453375
773646
315096
699411
576407
167613
360159
824184
679951
137706
98729
227816
388568
374742
487956
600895
334060
169266
418706
476598
82838
44300
83742
324822
720214
385890
543870
240384
421256
836763
916528
256822
734330
166278
174618
764058
959503
190128
507163
138038
828796
191025
82560
602837
254309
382553
776820
442295
738571
614604
355864
369141
989799
669290
591347
150783
875676
412626
140110
884838
479605
117212
925144
743559
448785
545461
944440
18309
864058
583899
775125
83182
784669
525444
891829
958581
249547
969822
597215
230602
115668
593489
130186
792395
150911
984564
813336
269087
356442
775555
218817
135104
563590
270045
116311
542585
274675
764316
842261
738416
170114
973059
954208
362141
804909
340786
542109
296018
931033
896492
102985
658335
767389
607592
996497
449243
735281
423828
566438
731697
20301
50682
516040
69728
774235
898680
390326
31432
445224
845576
991727
91270
734033
927136
541848
149256
439949
707943
517798
468221
33250
882291
911405
393377
181304
252544
4294
385705
182742
87422
249086
57283
337884
509748
293113
690736
290182
124911
305521
991100
184575
880226
987258
526453
440099
234709
307485
307899
115326
827454
325940
960540
785344
705098
397491
60938
377291
865305
849602
685403
556077
161005
89946
264502
571975
93887
628965
806128
826172
575804
502139
805283
958297
281090
748752
861803
883757
87841
477478
68690
116639
715416
586328
332116
419539
153040
241395
375153
165282
952843
387030
111131
236077
247031
513730
778650
385559
399679
949540
557084
520771
196656
883613
369799
973822
644811
685136
949390
374198
257377
607341
379473
169032
270210
535637
396069
324203
945260
582858
41369
414251
295774
204960
415071
117377
303142
435278
870105
449968
454473
680184
281792
856696
336661
163702
468157
996129
187552
894377
643364
451865
476203
664381
342695
951786
291960
16367
997508
906252
891548
157807
847679
389034
491537
451741
269904
82897
100988
107097
268704
915285
273351
357221
106568
913042
920056
613562
284090
662852
845827
814787
420878
543054
963800
53770
155826
337051
209437
786340
28236
319963
510250
406989
687341
869760
524600
599022
563635
662138
833730
769365
394786
353357
889899
759300
950061
557061
171123
847734
521679
619794
263956
310619
869299
303170
42334
949269
180133
395971
499394
253565
278531
892318
107837
502080
712273
114449
638830
727973
796623
798732
77880
110291
339985
89765
418022
199867
47189
765059
493878
722219
146599
703044
882019
834558
928542
878994
991763
691997
830219
826734
613296
614412
827004
332146
410055
201330
196180
696219
316900
801849
3379
619524
320530
187776
206991
317558
150912
515666
301858
44253
772378
291982
629679
280085
862178
851995
571029
932651
652761
843816
892495
301399
710107
217733
880946
889316
804759
417762
869030
223900
726169
267994
527170
277842
524078
422417
130888
152615
474865
99669
791356
330981
789209
898155
913620
854849
670986
119837
72255
91975
338297
913819
994782
45205
453334
459552
185129
818180
960944
149258
804657
404325
802773
263772
297733
635145
310220
702996
446922
562131
585913
600385
815324
620396
743916
957832
364869
686551
67857
414199
147491
263237
148475
523734
971301
462934
587516
818303
546128
285215
61348
508345
649423
139705
702310
746731
519818
825840
85843
784478
469953
916018
661024
856167
871908
202856
336543
385262
814891
288513
622667
348762
485568
967931
932169
834169
819203
344584
961866
865756
785416
151209
215982
478364
365212
748732
693411
630984
885862
457389
88319
139588
996620
396690
747465
94695
396422
991976
617804
38015
113547
253294
744315
948163
48916
774366
516069
96465
919224
735265
867026
569112
387990
316572
225930
437761
930465
559455
102538
787323
271818
710207
837122
651835
840055
692658
146107
571651
212166
170663
755331
794404
51221
972187
247981
969945
392530
624646
783160
517556
544714
326340
424578
704288
267309
760054
338035
856648
870943
283852
700680
10713
293620
466171
299469
342694
532958
912850
741917
226873
279839
632884
558409
998579
329111
384994
569874
420255
446034
799088
427512
523956
163419
930507
108839
831240
981067
325179
587435
934778
850401
839454
93668
750091
639969
960416
211881
320280
569861
907111
39248
688576
981388
730564
611304
471611
400577
105333
174362
856592
422310
982151
147229
619028
297471
799684
976686
328845
312325
79885
94967
673545
732224
198922
154693
431709
694086
747949
219280
542286
99867
4810
440614
311161
850253
947889
76378
75132
22607
946099
883059
214580
408277
632488
984831
976193
248679
193822
360868
669411
133171
407870
813253
393455
559023
557620
716792
897854
248846
666322
93928
6942
305647
69210
521189
57492
775612
503664
678444
736120
44599
762640
314358
136724
868380
278908
185279
33876
710848
798731
299003
293645
544098
887590
32878
617239
235705
688525
547043
738984
673194
334093
595950
615707
200282
719881
348869
588800
980174
407784
580470
272336
889507
46149
397520
263119
313205
630513
122547
519421
753618
566082
913401
979818
267747
269552
729228
196536
153557
584646
72982
976972
891653
901587
576675
388727
573402
937300
678358
249506
341938
802796
977879
564306
317903
576431
459467
41333
974297
442807
528456
926032
995574
737301
489968
399532
301517
686094
822422
142142
152347
948097
101223
818480
393799
265035
226134
595689
906325
151423
224151
7463
28602
53581
504241
82044
167856
124570
361729
257284
787079
720700
385496
943938
778370
671195
148403
854952
226167
348858
432587
320041
840507
95603
124390
306722
587823
220932
816641
711410
578249
978159
966891
60697
206831
225215
482724
131722
205263
165917
189344
841466
886069
956825
583244
738527
9327
547161
920935
659015
703473
127426
974861
251491
313441
374709
381416
356331
959451
741344
626163
275509
319304
154904
927589
57112
235036
253191
664565
419806
819287
338542
579408
409355
813315
150713
993342
322804
578275
109063
301554
564001
273360
633701
411970
991428
695132
913112
891255
24316
148406
454254
164636
926298
382086
390755
123192
736624
359346
787063
701030
629052
647008
822431
311718
568882
816451
434149
618006
79118
733031
98042
162223
875965
807902
941356
708515
439871
345318
715129
239431
330097
258765
425458
90658
525944
276441
795251
102752
542842
471714
906626
166967
819406
589573
100572
180061
163442
96406
676676
850530
947192
628842
575326
140457
800002
780390
907312
326152
863433
451692
179384
109294
105524
602170
797906
309529
678011
107413
183348
437757
766893
98815
710163
620965
39659
684972
294635
407999
125700
88523
834893
812661
171197
190695
750784
309543
136206
917599
773758
140479
958768
136714
355944
459157
858739
849225
228215
966620
158709
674266
437092
522287
375756
232799
247054
217773
925538
897724
938646
761516
251304
780306
142862
803272
79744
350116
712920
562627
570966
389686
605432
520235
194974
287233
422780
815463
958092
17634
259609
420895
369702
314408
682368
603351
83727
898954
551243
350484
720896
273825
993943
181375
705688
688318
108906
916946
920978
183367
41830
702554
408208
763737
539881
461205
431642
104568
519804
682015
585598
527040
813577
29742
558880
84620
25239
322003
222186
733103
965085
405128
995945
742331
77417
28444
131995
862050
568594
66123
237274
29027
707002
560086
685953
766358
430081
599420
768433
590469
709265
239236
76526
470597
685677
910569
463340
307426
398371
409434
219505
392449
738219
690307
984016
669496
705202
156240
725657
478196
503432
743695
261151
20729
486029
114882
701237
524483
542333
343535
738414
569183
218458
664065
317769
847463
377980
392053
895051
79075
85062
541115
105844
623174
326292
111228
897614
270019
169674
437165
42250
937714
645023
6268
233771
392638
800330
875533
852072
186156
869682
612549
849043
551231
535750
777442
506147
219488
865462
497909
466959
572815
851193
259463
916762
615859
444918
279923
357909
203570
980071
765074
741509
611207
275083
283591
937571
695417
286313
165876
431824
939849
475734
167888
795211
779227
457052
792039
981189
957785
622251
186616
281687
457452
824866
903740
701425
102833
830753
482246
38643
775127
727279
556942
474446
748021
93030
371984
15817
268123
5885
906676
53915
155555
437605
421030
992123
807045
542520
758954
347753
199292
954626
681985
461498
298569
176226
382895
165166
767214
555196
746197
866621
448478
779561
703672
729320
636251
929355
649587
988060
800815
395786
709428
132003
50666
215246
985366
729280
67599
320683
568680
347109
629580
938022
263912
883282
938379
664099
367460
739811
655426
303119
701858
137200
108678
336153
416401
908722
953234
957356
234541
35767
712692
719893
75361
158834
585603
941405
464904
782998
918519
297911
759882
507980
259250
118791
130901
582720
577948
471393
833775
343958
366521
677911
701099
368462
401202
874591
768273
147473
665355
15213
938016
659944
508266
536546
6567
369694
456974
764774
480061
308454
282285
347925
620431
333222
50200
27370
178736
258071
634326
599954
982050
526324
627205
506614
420420
771577
32839
295875
905271
610316
513765
895863
829736
939444
936742
992273
800708
407910
984206
528827
251302
365493
137100
360561
883934
102
350020
479758
772507
313928
718174
54497
802342
211237
887463
895420
925206
990454
827112
871264
70038
264255
771892
876206
593772
782507
937100
727420
296689
121883
895861
7072
274800
81087
784258
773495
620309
147080
530292
194533
620719
242456
167553
14866
90182
774264
958480
60551
661077
484554
336267
37063
608948
66666
390795
43056
10128
192017
512150
858199
493243
671807
131816
600455
489086
968719
122056
586823
392897
730540
284602
906727
954079
784781
664076
49557
255676
37940
917054
324961
828601
236967
12520
916806
727191
603315
766193
722490
784488
500255
95524
235252
182195
227086
942747
655761
794485
631050
894849
99849
579722
992579
457783
943766
619841
680954
909637
369691
700659
661105
88965
603024
355477
775359
322648
560634
436611
461114
969127
262427
225134
687378
138123
448944
34363
855248
895997
810026
686657
522445
853713
729302
587589
195891
532767
572413
455282
885994
213265
384187
163652
267615
886352
976060
200485
99891
146316
567539
521404
702917
738686
584229
331687
954143
4741
595726
952565
556467
493403
517198
581699
897618
779468
310154
714432
363330
799758
245675
222021
179460
470702
491917
387047
551410
791968
500134
357456
991638
935950
476433
845495
973397
532100
439330
794254
341546
186282
503017
590280
694553
981073
224556
255355
543041
795009
511373
106192
557661
62787
181610
351601
287986
719330
477964
613222
249988
169484
771867
27677
948502
303503
497609
78435
331067
951932
979456
368628
167645
961135
586548
329205
35841
985847
253989
338618
280526
748559
239136
459046
897049
215317
390161
491190
24471
408434
117283
946205
481691
404715
983160
704485
215106
29529
387683
437423
319838
259884
947642
363292
997494
988100
220137
313423
674410
340429
304529
624189
202028
156223
152331
791891
396853
745708
754144
114443
707113
676042
776973
233612
179444
791091
65585
409957
427836
257568
80019
182802
145943
16415
516512
6545
438981
556769
730414
614360
426852
754949
640176
468339
299428
227139
918116
22148
500942
714714
624635
807341
480890
473519
141788
370217
273778
879280
388843
17374
627771
596393
732652
730836
291019
292295
981309
658371
913299
467039
121158
656965
942091
182740
364019
649303
450215
555005
191358
524637
233863
297377
562193
111879
208542
752941
884297
674044
845185
706950
642307
356627
584802
436154
877547
932955
509498
746785
724269
587541
904173
687872
423998
961112
674905
373481
50962
786109
723176
74799
829359
181376
748571
773663
753084
111439
617108
44100
592856
286934
925776
474644
521928
252488
134044
689131
924012
971650
795936
146602
221163
230133
8183
895516
946319
317737
586866
893638
625076
167827
711578
582563
717710
305492
101031
407505
61551
419799
277106
797244
752641
715958
501320
301497
981186
408825
196291
61373
99945
81970
608033
62087
221576
606858
456077
89913
416939
145888
695198
279840
487331
649086
587422
244890
935385
445635
859423
227103
669942
597660
30100
783278
980610
865561
416486
350036
950221
172707
633333
449137
896217
280765
785087
164325
632030
285376
78137
618754
179694
199169
302069
374603
736130
467312
866022
695647
249316
452932
4035
293047
309717
907287
483196
243460
642493
826221
376251
675622
380802
827581
441869
691972
880599
687020
93627
475177
85491
624916
881445
591498
811645
263605
620149
584194
166298
716498
33508
880611
447626
930511
781235
277580
956328
135967
264349
909095
320639
829633
85181
104390
665508
318001
331837
944487
119408
267177
763784
398046
943138
841213
766120
588250
256572
898420
707683
132240
941637
610794
196836
568397
279225
70045
959316
548719
216283
349214
867156
557580
576016
918602
382561
981817
565340
196894
362042
943958
885426
828893
261552
347633
261961
126906
320878
603645
570133
943234
637633
839281
926740
27674
923622
459413
207301
822525
637279
49528
725523
741442
950452
903026
483095
102551
301580
848226
921064
195034
941843
539803
188744
678188
89304
714791
247242
238983
204150
466123
137568
852785
841204
834982
797030
65300
107237
599447
97101
713336
994530
566367
443450
671594
278700
37704
578124
224227
638898
694150
893170
735757
462190
337689
860762
526663
730583
898102
943824
678830
592787
176722
549467
313208
435758
235121
393912
568732
381812
197230
138670
907989
631537
973566
648539
318736
594700
556764
22840
574299
646544
394400
177834
147068
508020
853374
411825
739978
68074
806361
695843
922876
956962
943106
404370
883125
164735
349286
625650
588691
670509
494151
351695
662296
191013
229088
834340
437297
584507
649683
731134
463985
335459
315154
926983
124825
387742
776278
202444
148354
238622
584894
356090
860217
478386
550661
874978
325675
579074
661407
3133
454856
866807
953012
925501
28605
663200
318197
383298
107475
209958
734162
346208
709414
602658
107192
679656
630897
474251
208057
308024
731970
307881
676588
182509
581089
731761
506963
136504
814573
958883
477028
116790
119790
439313
66023
604842
610004
538930
827265
33400
943983
355765
283519
481515
495317
327909
378647
587762
716325
974431
141629
538451
875782
171495
675001
871227
177084
757526
79171
471410
175891
922110
204231
419190
774309
648993
793703
632624
285880
690703
595413
272857
906235
825302
881476
733789
771556
220602
909844
912195
176144
640855
471765
424927
327479
404718
21050
397426
438419
600702
794985
217304
233169
56937
885528
500028
985234
93915
535759
889830
665934
888661
165141
137432
72550
675209
826591
868456
437812
964112
601276
459159
110078
513892
456135
190577
330171
624920
346718
409101
17242
195571
589309
603964
615071
911243
591088
262922
371574
688001
9191
432704
856029
954933
976281
755046
142263
118409
437774
415517
685927
183437
223665
69872
633372
996029
162704
32598
127853
487645
249006
170144
417553
644079
883050
548537
308407
926405
688293
85686
270026
580861
823157
335625
413365
730808
305943
921996
875255
472764
534290
984304
999579
706844
766048
45021
810536
426251
91613
756950
412334
702313
842422
559052
530512
894772
343318
102771
574336
316054
876448
913471
624293
317433
386951
13094
315071
312498
808102
461921
15859
253513
963987
717566
702047
318788
491728
579895
238127
953845
466565
859675
529990
461937
514086
848382
472130
110905
499595
370431
924990
32540
489056
528138
833025
49410
431575
320072
746127
319533
109794
736258
486106
499240
150909
521278
704911
263728
787751
432055
287793
549879
435000
718983
270206
698239
345468
95314
549963
46274
496151
432427
129564
720044
556168
49502
525421
150627
961583
304986
66495
697824
564423
93587
196809
249860
227100
626612
594620
725066
948256
618112
821966
368053
996569
766040
920343
872226
53481
408042
357607
396560
641488
853086
541759
670429
961534
428784
381739
438833
194014
944236
354383
835880
841760
324666
399492
837072
398434
786666
594618
20634
720539
56257
392588
382738
301222
143011
554406
536314
690247
585892
336485
699563
963404
160358
515816
118836
981566
85910
467094
795907
10555
437124
276809
751371
435101
436924
307337
169103
508123
821401
322602
436745
287963
515156
443462
777543
603989
918745
413005
525584
393235
4121
771020
8099
343102
11097
691566
261155
760547
352015
792998
133980
786566
772686
461010
30849
487901
907136
685240
877161
77746
371461
47551
169414
512152
483041
80939
342144
39288
38449
198696
847832
695978
142876
422578
6397
766355
290026
410385
13631
620411
361000
629951
636994
192322
993462
9667
888905
253162
456615
690083
467989
537083
949423
648593
828935
443197
577885
816391
84734
771286
931211
240994
297850
579421
507501
859165
920769
953304
971959
280043
250949
795629
65917
574754
365229
824767
280552
849507
460627
506387
636883
462596
925319
661457
504294
375481
505046
17099
802966
726852
522367
663354
373348
188657
368647
378802
265477
525968
409821
462369
248733
3406
236861
541103
901456
245064
894779
799678
59919
482689
467086
409513
566313
888230
993529
806144
656947
574801
374362
305444
576488
604177
678355
222619
267824
280532
899784
145394
632853
135838
294456
73764
690019
113184
486708
800347
446262
920651
522185
769502
43564
21884
255865
120447
36231
255250
664211
537278
108100
582151
882682
955176
537523
994048
370355
167010
413086
588874
629720
550346
283594
937202
975439
16924
825919
388365
41155
757091
291725
488961
872399
621887
706394
6152
312613
77033
504203
106516
9186
544291
275810
299837
555579
734501
8089
333193
959094
360710
598617
814576
150442
239306
274939
164707
891499
46572
752525
4156
59797
567063
749847
374301
842106
957327
981556
822539
356437
644010
210521
979513
718227
71267
847420
245134
806939
673562
951368
66350
247130
308201
961883
983085
600399
239963
313247
184539
887978
125139
532459
367224
598675
390416
134920
241802
913822
310793
615032
173128
131657
584988
902895
111013
621609
779981
345191
30082
53459
956307
136940
568950
187259
608267
776666
727648
556624
388177
953838
527427
221523
665213
631377
777096
293624
869824
495066
372038
962016
134361
666007
27537
859812
295889
258437
72096
408303
758894
321748
641616
779811
518970
691556
570477
481259
693556
818397
300041
720645
998046
39666
697489
438315
404811
364109
51795
662326
713956
424304
209203
178360
940958
855728
591569
247095
202257
548674
999821
569562
31226
487140
403932
235798
350364
991167
185448
155366
102732
866522
221908
268195
929548
954044
702908
651578
611577
688584
702146
576968
626765
294119
589056
342552
769816
122190
450669
118561
307277
757320
968839
618797
650947
190024
155519
528249
447493
87467
783923
766067
823289
563200
904681
931600
16655
826909
850986
931737
137265
430856
746189
614513
643404
39553
533056
306203
434997
204689
782576
725637
980692
649658
379645
787011
301418
506216
147286
253972
552567
222173
295827
99782
884381
404001
969562
469285
47865
685401
938698
977681
670824
989524
874021
732436
521576
295827
556165
563242
327364
519564
28300
314484
454120
17121
675404
604721
190802
365023
283008
817386
518495
454665
726101
163146
190477
497245
447872
70747
497948
295836
979657
620197
210138
493404
337068
135781
514824
112045
982784
462233
485488
70559
73598
160167
588592
947732
109651
659240
413328
197403
210717
583088
416623
17757
476910
61283
619889
704934
544876
57053
911904
315384
370899
559670
67132
305165
413350
117012
798803
22517
316193
195951
1805
424054
90585
367492
600279
401262
192158
471785
100743
71656
397543
965832
261574
588959
93281
330115
989202
520553
505399
569352
151000
700968
813160
711727
660448
925420
586142
598626
679822
996853
567357
899614
692746
585215
786772
854655
414414
558705
904734
53676
556062
223026
586068
349192
745096
106861
751407
934441
62757
581689
646838
443844
448242
896609
447083
948944
15680
828665
615947
183590
417503
865908
159489
576865
548391
292337
886053
918473
513829
322341
748270
813074
808915
634191
34600
410049
552525
247156
652818
346663
738203
655334
242280
986724
697611
35339
626889
889439
526158
360933
669697
590250
656381
78147
725938
640234
831032
454767
252119
560303
555375
671231
86014
919855
638156
69399
419289
188530
753273
663321
79335
399708
448113
207931
342802
756564
299469
880318
386991
128609
906819
941942
897665
948714
211787
910010
540552
120447
777906
736928
266209
954523
477553
416483
989681
735247
632874
400542
188528
819714
773133
138817
678654
174747
806077
482967
762955
562178
400758
282609
209184
488036
909456
744702
374745
206385
705864
562671
605233
455913
539701
101911
669008
835412
509458
253270
40986
581587
770879
755153
348872
146876
642958
620685
426870
218661
625668
957421
628244
872919
128619
859201
312747
230023
731171
917024
844965
467812
871268
52424
727602
540823
814028
610624
790740
525961
165300
347743
765644
107951
72986
440072
295548
414168
247291
533111
814944
608788
685249
194024
620180
454826
850201
472395
719237
637071
923452
153545
883437
567929
10110
75842
336462
404510
312561
500610
791174
749583
352011
891782
26497
363244
791147
580551
810899
273873
3602
140049
198613
633305
102541
179823
779539
170924
408808
730010
272452
226117
728022
363276
94115
392278
592894
812318
495661
267483
840932
800666
828889
162274
131569
322837
316047
258654
617190
715953
443680
275560
799173
316610
490967
768308
230712
61251
70696
778572
256278
85132
983956
405626
755046
108920
785661
123987
743036
378806
464812
197332
607409
993638
874530
409487
201049
51742
387756
367317
52450
515556
961397
456125
754864
798167
109511
590852
32312
7446
51151
307269
321524
629087
102174
893191
305956
83094
494091
480069
437440
113127
631012
520589
713135
971245
722470
720072
839535
717544
260541
710525
925586
816428
438352
200048
769408
944218
682130
924576
762837
938953
73995
347018
469837
548862
580184
220334
334635
399209
650081
1335
854968
180674
434458
250634
867605
773153
890755
789944
547589
848045
931210
456993
302866
177276
359242
503889
50487
953238
187047
629515
678210
586838
831158
280017
384560
516340
340700
723973
188874
384660
853748
472770
753521
178628
16603
825403
14723
793213
50573
243439
906426
752320
955717
135816
791116
152219
465094
741808
20191
919386
925646
811668
883630
492789
87974
847403
905229
430591
484664
881862
665703
52627
958479
503517
875543
509565
91617
922555
724065
295100
497071
720038
843368
658737
792144
543169
170612
123356
159766
918571
423557
579543
546308
646261
130086
142986
389166
228654
820721
396579
448294
201185
809308
46118
513513
707881
204270
448733
939222
46415
365498
765442
917748
986841
288441
831376
517418
948735
968656
721232
978828
973668
370131
238070
318991
205698
952555
346580
366421
806969
318046
39499
510583
393549
932069
493382
348023
369023
163163
531554
392978
187992
773998
183457
917583
281460
405391
776358
282706
343616
652581
113709
408428
164923
440496
777859
715955
741651
373192
559699
634401
820695
758061
923596
154761
996137
186645
910856
461042
625883
700335
105485
646868
911589
319020
242093
353705
258372
563549
544651
27608
181005
883074
950833
324285
263565
990409
219838
955894
878145
961251
817219
579862
737522
704848
120129
376492
759938
820126
526021
637667
945412
765377
56426
17090
139963
190509
130651
599139
436321
92489
470850
508255
740539
596245
546147
566460
851961
30891
86888
726607
945439
57602
499819
37584
317352
380264
817854
710527
267556
226140
231074
789844
387046
431627
995333
896407
190528
393272
848665
769444
372330
815004
925445
481229
349570
290952
266674
645352
185155
165750
107466
764608
286235
713472
608495
233712
334026
663207
395558
526617
474777
303422
139272
526814
587347
779230
968129
577367
605642
325003
829610
33855
937268
699945
12049
833067
941066
427739
174317
174650
483498
363109
108089
44420
812807
775324
499047
608877
210771
141950
486983
249952
917819
821024
200000
870516
663671
653063
486767
449522
141155
374521
904494
3663
191272
100553
240976
42785
281183
927411
949171
582038
215738
700379
509176
277565
654446
607865
646110
801836
692896
404271
269645
264854
962269
667308
795836
357889
267039
128815
49035
509259
251542
934610
418450
738787
586032
661876
991210
419528
470438
260081
366647
577121
771591
921478
410108
360239
40800
982447
944942
450099
496768
5615
87944
852709
379496
360951
965450
440586
486780
329204
536963
711567
426084
136067
197588
117087
447264
237263
229013
49240
852811
409708
574598
726084
367905
468529
861094
43886
861583
149713
973773
809708
764368
651458
483349
383423
471221
886832
874777
116742
596928
190310
425744
277458
618724
313694
657165
947671
712679
967853
630565
193305
865717
717892
547076
272250
984741
706652
304618
714535
501748
542343
225347
147034
709836
643896
442139
361405
279037
976149
574427
696863
225166
888607
459301
443240
916207
412341
697349
494733
215913
398443
120440
546336
749841
444660
657713
122928
236742
326685
897502
157970
158415
842814
373772
70281
442724
950779
669928
218036
514316
72036
984939
168344
543814
403730
538715
823391
512976
405538
370152
305674
558186
562050
766400
151197
42585
272460
567120
952838
460092
288022
791046
641448
524248
576089
989060
924572
771041
762701
134904
863637
544625
17241
267929
576739
114802
891142
861961
659832
755881
252199
596465
7819
766112
876659
813669
304498
507387
372072
115843
52699
439192
541770
57562
6355
351507
31632
704489
415383
516430
658713
810388
832689
186902
713620
356662
575426
127409
910904
614999
25584
598139
753869
66289
811093
900971
982161
65067
633432
977215
694946
491564
579085
763693
578601
821180
682298
751691
331600
439906
148008
70905
497386
439454
869994
805721
28209
754879
249848
517992
311506
387483
59808
483152
951389
963640
816425
174227
68983
816575
42317
723699
595404
324313
838752
599293
500084
399070
304052
308440
284200
489658
943199
823734
646727
133749
105186
305964
565850
729837
633243
205266
728752
745107
715307
210825
263105
41056
972058
13712
927873
30629
780158
524455
101748
778843
701544
955216
477568
859069
485858
997334
65362
756415
114719
145501
295641
983546
225922
309284
321170
195370
490967
505603
118773
910723
632111
331525
866493
167979
158026
54576
638778
576206
15919
717368
689253
351184
735525
327104
13453
76376
616971
416859
469993
30863
1431
97573
755462
647710
160237
656238
325306
843323
361927
431039
858893
762144
49037
865998
375514
880637
700024
20230
598165
98529
238140
78347
334668
681984
46765
865833
526396
907403
522010
959610
547831
906956
441915
98012
814085
636506
559258
633358
627513
729499
223183
363036
795602
664921
720941
814196
701480
729704
59002
643612
88180
426510
286882
262530
232067
882946
459971
92413
200786
373659
711931
487774
709856
566528
144580
805386
994383
596372
489710
243589
507098
884652
602115
26707
175115
669213
134730
458589
574338
408932
971291
459405
830885
88623
341281
102354
626528
996860
130486
494218
568605
714946
88794
109761
1015
542027
961152
178826
712019
956582
69750
867907
795977
119516
530563
676513
615373
859145
462343
582801
439485
434842
458986
848807
775259
822193
873992
46963
740595
110468
637369
818023
566733
669390
860285
81413
409505
84935
72015
543629
567827
878544
919727
90582
905582
444742
197817
956066
238775
771709
723582
123769
62855
852126
180712
225812
253699
718552
110556
103067
793986
145269
571363
421427
283221
656051
460503
637695
384535
855624
179765
742319
846375
565308
181953
889068
795560
6832
935341
636331
400108
468465
160605
617781
810133
576746
379000
951883
986889
683802
565847
908297
304403
744353
954256
544613
631528
629610
641134
813253
793890
733544
164406
192057
857652
790593
538537
850374
593152
523275
954941
811357
192427
383061
90437
322596
820738
941847
356480
203554
960281
385944
976024
735433
665267
591213
475893
474667
549569
206616
872977
57591
717523
819883
364564
512550
667436
702580
632875
683273
121060
84581
286696
657112
60240
541093
804278
783079
898974
938390
724112
168310
74379
701557
56167
939622
363276
246878
320277
946902
39728
151127
577621
456948
447250
152838
762469
843393
530931
233725
315968
729380
94207
995461
155399
955331
178020
874287
641255
673492
272499
312963
524479
183513
989013
725028
814856
756872
577602
714696
231533
477312
539889
51563
313121
892825
467398
105079
686467
508518
707948
234664
442121
834100
592106
189492
279033
444006
327274
714838
534794
323041
342169
214341
972152
855222
460120
455577
954577
62077
272074
74360
102463
545841
697502
599710
690105
985401
934106
692219
227632
351632
935052
562995
78805
839103
766186
132772
494803
863793
920951
810959
843288
941011
536298
349075
925485
728846
334357
157131
10304
660118
132282
170807
956841
623875
195073
387034
345428
570399
281468
961059
965679
507104
313709
509926
138365
528092
257177
625415
298638
706586
649883
531564
355562
313843
231560
929399
736586
841695
234767
595382
555681
579315
931605
889935
925272
411675
508054
228211
288699
325793
228744
338377
240981
368416
864983
310474
257954
496482
298073
245852
532535
401139
323662
951567
680002
820237
257503
186128
988789
541284
75150
528595
307768
410801
208550
279895
550929
748721
622072
164041
47842
515810
269336
847190
363234
632069
31667
437508
239775
269868
738877
77385
156875
659824
859011
37465
207973
851547
103697
211978
102689
604266
559591
640799
842615
203791
366975
98795
842476
143109
499261
524575
351112
770578
885765
388903
804974
932622
559955
784939
727017
395540
277270
223360
162421
104470
113045
196074
315324
504627
116026
847890
208822
926846
518507
593785
769786
590118
819225
355715
282999
340151
352523
904589
213897
760587
228628
385710
810659
367402
993629
694167
566333
411223
185358
553027
335266
816512
665652
277579
22136
60022
258780
69171
799483
220451
628720
459204
281668
936697
854279
50099
794712
158284
29988
806508
912157
477991
152203
285155
873976
410358
368652
594614
590745
397107
633593
908642
660241
618852
945800
577826
307037
245954
693243
199896
960674
747548
54717
817794
734146
154535
732728
936999
461773
502842
274016
348479
774587
743260
832207
929232
15331
982032
67179
960844
796128
15094
744522
618129
731624
860962
385390
5918
285919
700852
994174
92877
636293
313672
508349
602564
227404
768328
686580
319387
218837
852600
651847
954804
262481
688509
868869
443435
885233
626841
587159
391602
930783
469664
529322
998174
998108
953490
988361
591537
990477
225159
724980
439613
486820
892608
475485
629888
996702
896244
611456
215106
789165
536549
908305
221589
356119
855088
545829
897151
253238
810675
351522
413578
706341
658684
229700
760681
484723
473630
623402
183773
500818
476416
88167
372703
735294
2029
716177
854481
136435
998935
18451
696394
712977
633596
617175
49698
337821
677062
144705
379398
561381
201492
603478
574487
441802
684673
322021
397232
940552
990637
863792
413494
362872
426872
41292
758135
556210
422922
23853
865195
947733
822121
158868
24705
38324
897461
440985
541444
841449
426465
782467
735178
102053
149573
555777
805699
542353
419031
454707
408178
881971
581618
892383
971078
89662
30934
284650
823809
861942
988269
964014
912826
863605
801837
172751
771627
463891
568443
725618
854450
473984
148966
489603
791500
942814
224678
353430
216971
466673
674249
707516
549074
529534
817427
669863
736774
869506
463604
199921
517785
720190
978720
55593
889152
990289
150084
316919
299713
892737
550825
453316
469727
477604
128359
548327
428975
218741
773585
733844
515216
987404
144115
470637
527397
881664
523108
720914
277020
904717
638649
307818
899678
421437
668033
778078
178336
628394
719607
267082
731734
91847
442909
938164
577844
260485
820736
468923
998535
641325
494472
740913
551306
409872
697027
906263
543903
529028
176374
530577
266555
498132
522061
591658
316148
763006
20068
291955
450205
955120
241455
88020
984956
126421
223232
7237
409312
354386
587331
521915
517334
332576
820570
249591
495953
871746
555876
249891
683484
646364
357180
547940
595386
659146
655318
372911
528560
139737
425109
424840
834009
389144
777548
14634
298700
14955
403934
675891
5551
268516
328385
618962
190149
209320
540029
131350
145321
790480
776238
606384
198917
990456
345829
626596
146352
326490
254441
723021
946935
800346
619907
521782
28955
648983
971851
316118
405507
656089
160937
137139
513175
502711
981924
105491
828744
895694
456826
682101
261106
521156
879052
81649
943590
723793
627842
501734
915263
435792
590665
224008
751633
1154
89578
422387
725964
692252
297605
205457
806733
944947
912492
367567
292823
870844
738847
910376
639826
658326
919432
762984
617049
823612
203863
480836
698662
507172
371605
505578
840803
369478
65973
33219
383574
297515
912764
12571
111125
810644
636549
552187
718957
69451
124779
365343
120522
669844
105753
675382
223190
476930
171790
685993
146042
447059
851158
393548
814065
648550
502176
794667
326079
953668
629101
722714
348976
451609
562587
160340
877408
810597
842152
698436
368543
202593
146884
230602
351819
688192
137029
249666
613217
228371
100738
708411
647931
275176
141785
711445
638153
869446
375285
681080
713738
974929
139678
852611
594158
860274
59240
101125
60447
559286
397899
404557
605499
809192
168142
573745
30141
421714
499017
461458
822915
802873
561406
962075
913956
860852
501804
996674
681111
880300
80325
882825
201491
459753
214235
720239
839099
770128
176304
604264
852448
478982
538869
807509
700376
102247
925324
703370
817133
882216
648760
371160
427723
621546
273003
73704
151251
300323
922493
776908
282931
292621
606697
566694
467428
22407
105333
656379
646323
386596
998861
349419
849599
388562
999891
591121
262741
321370
241564
244437
873574
189172
770832
371758
447086
558560
409423
175390
127017
198727
3280
292114
585622
661255
438627
12534
826645
254247
77283
592477
471422
284919
235174
900490
281093
445426
981161
799225
241308
893116
711071
158726
364828
851348
890982
524465
518057
144389
431607
394653
131462
971408
833894
186348
795629
959292
408962
979555
639233
226800
953862
599885
171884
578879
799402
656150
793533
318324
282601
96972
224208
278276
367005
602911
770499
385137
669670
851478
66169
109974
733726
569443
262983
246629
928257
189853
910123
869306
644287
292771
861197
622681
446259
656074
16807
270556
921015
626563
951389
486217
569014
103145
354337
563023
189059
421012
461861
174924
824957
835066
413129
240860
340786
333348
554917
254532
903889
671585
661060
902703
35911
948868
724801
53447
606420
525956
637764
814859
130680
562252
444486
448928
938227
251222
202938
750585
812239
288963
345515
143123
430572
196537
719792
496549
963266
556335
61432
397113
897118
283800
56874
712664
208644
852663
168211
543000
907650
945658
551461
840456
581487
316267
623466
8678
922936
595684
346934
300912
168651
970346
378355
324792
400926
748300
702552
820173
655678
283390
850448
636288
559321
476903
624900
579319
610217
331716
149155
100888
985194
139831
642921
70406
528664
859431
537007
280629
175555
671103
854803
732394
986308
986733
607315
94925
716653
757200
363627
415620
294384
128129
950322
592473
239577
102888
263123
269389
353772
649234
896290
136963
80595
120319
563095
843997
38585
125449
432046
746931
949693
76911
668720
250026
662510
406238
81985
554601
341708
305461
421517
925437
824027
73810
274539
777555
203532
368112
217816
520512
816788
116209
107263
708163
858582
539203
994735
177796
464448
262593
124358
509888
220882
226913
312222
269921
860279
36387
380503
796070
513279
596378
647463
863202
48767
562705
865969
621545
740491
821182
807379
583321
259361
610573
363256
409955
496678
131015
136276
980685
630302
774703
809567
158918
59022
90858
359398
991053
155853
83309
429843
877263
765190
943908
588532
769301
538850
626769
131415
90404
795460
462613
259988
25397
82982
394661
806669
201484
803288
251479
435043
413765
515086
380026
695241
202550
610699
75247
535629
902913
204541
735138
33474
809610
241413
457970
492028
85898
247630
713868
77190
332203
180360
51712
976122
101260
446719
735139
892879
908659
729395
687249
42370
791735
958821
946660
327930
424901
717628
750810
948709
85293
676174
356686
875753
925463
667510
667002
263960
464543
843539
449918
155349
141161
927971
855810
67352
37185
2037
109508
936650
330640
676839
234290
345824
682276
703780
923938
755876
263636
442488
176276
824260
662931
472558
15764
978919
264914
694875
678251
765452
23070
443504
145379
139077
889342
271617
16468
943247
225983
262201
726655
675885
856582
89539
276491
517042
934965
683424
787293
671130
412777
811322
991242
385036
450242
655872
840459
130925
278221
697610
455284
833948
509479
855134
872583
901136
744765
153255
601073
510854
157401
339975
550894
883056
742877
223555
10790
921923
868592
302857
795253
614155
290753
82399
594691
862902
650670
532889
718297
220733
620838
924480
614326
75028
655474
594572
176720
488827
649640
155812
733858
986637
167995
219309
83915
322756
575265
20312
341896
251776
533741
180001
611131
309552
734596
140050
245294
397784
130987
511822
753988
537588
870525
920917
28703
998106
744143
63293
920051
778809
300926
635683
880258
931691
828697
82074
929643
111384
114024
640675
254190
884701
501747
247356
84976
263397
842223
755913
995986
877052
548953
147791
567342
125253
9892
461318
400599
992126
499518
994264
948641
782232
379726
474283
656484
197562
268976
511540
517838
653637
474353
290490
355686
984335
438574
129764
610981
621831
673307
50174
704956
834785
577869
398261
614246
25801
871588
57678
631168
496586
633046
102048
76479
350185
655606
591113
457711
204870
694182
655186
719434
625521
104777
145878
108575
265024
160971
685110
993090
484523
412209
474769
613402
547445
702989
888040
178267
156450
307737
850467
131407
82481
535236
566405
832791
819788
197489
637206
211935
920156
352672
531837
49351
30518
75753
235288
584457
774737
118664
698515
500069
350295
867224
125436
495544
395503
437872
614397
728221
46276
525999
803999
671983
744191
547506
892324
75750
336839
529969
124631
686613
965500
734889
642986
651668
889636
768143
147137
982080
766073
392101
874781
763847
221688
477917
258008
332110
563323
559032
166135
129885
79200
425069
333751
739054
563147
635152
471094
508011
31709
540319
10837
784921
394527
436789
347955
915761
94395
465119
875816
183555
660878
604098
160181
94127
51680
922104
214748
603267
57799
101316
687625
673290
278724
543898
856236
829752
377722
294193
147009
807184
795920
287304
383313
449520
45823
142247
222445
65769
405337
360276
30476
751318
406217
180475
503697
610345
554472
334204
805030
942363
721995
567539
331639
75186
852974
563880
499516
292607
511027
282033
998463
745988
369545
142487
270128
504017
333217
109934
491531
159705
802475
701720
595254
928091
501130
20939
230776
135582
494210
329129
525909
21342
253558
829007
950885
837572
363202
340066
302985
989123
897412
970179
94955
803335
465171
831547
538761
991566
110401
297382
970462
780430
681392
595043
100179
979874
469169
684519
566706
732809
149076
689063
245439
121462
572523
982571
958521
894850
420425
438444
161437
145489
749501
577775
34637
68816
861822
525435
568768
253346
506528
968342
337901
986861
95988
433476
552433
650610
271936
292018
474268
845754
303315
170989
814059
213466
620098
382145
239090
261157
409029
214825
801100
907142
462666
408867
208179
185152
761071
578991
677859
355675
476916
532259
164468
504897
534854
561286
954373
42516
925197
665047
278323
464959
909210
50373
615804
227386
507952
497291
231665
238266
725882
577347
121147
805025
589498
404323
379900
493254
35777
20338
103782
158158
235491
614557
622183
368310
189575
195017
428286
366058
788514
273357
729759
604177
269124
202079
964948
941822
570182
508119
737435
666346
161649
990991
721016
276366
655589
588691
282878
267190
522222
722794
848249
716280
940670
510618
951381
67442
435181
9199
690269
304176
719599
539350
989566
844673
556572
185989
970190
609468
692045
705695
461481
574820
546486
724364
880495
210098
919426
704958
632684
691019
710083
945710
667042
474694
118045
347202
620244
829904
893933
236814
820412
487390
864439
153909
166260
559781
321498
430592
371932
991093
923772
988890
295311
314400
673945
198799
512802
847945
647942
639132
406774
672391
584996
998192
194167
241051
17344
264499
794248
469364
621479
859338
596534
452088
589202
612649
447986
800220
521015
334552
796750
501623
178822
679437
966651
255239
927369
608289
211137
591447
612147
214887
655833
157415
858761
113615
996934
499828
314521
734279
946137
298428
113926
11565
988248
561876
319942
987583
500683
307482
446604
704734
980334
560223
365843
889961
758661
489804
932752
552493
438228
402326
658892
973939
791612
345736
337861
27426
24200
949422
669026
713343
657551
544696
218929
699228
541289
502470
356231
572372
840015
27927
228961
768958
76288
358790
753761
182847
688394
918320
9144
906849
327316
424583
620116
315786
194027
769042
342561
479494
881858
397979
954234
620742
706329
415652
298239
830891
775759
494563
895819
328921
966043
246226
820369
597502
223106
734269
443661
385741
809234
889033
505075
992105
883244
602223
519441
24080
654232
854072
570451
570228
108499
962700
101912
633357
968757
369476
679572
230503
307856
904772
208830
385546
845688
517352
872762
228475
578751
492253
389025
889862
505931
732971
505784
739777
705852
835837
257806
347708
62251
201112
17837
477147
86401
977282
527220
865856
97770
508902
143453
85023
789017
907069
289869
506324
806730
705149
430563
199428
15759
30610
97304
210974
514531
368933
265344
745561
183681
457477
973341
698903
160005
407264
919622
208362
490160
228444
367880
582273
624764
602205
108985
247802
606441
360548
684847
12838
210819
837675
444424
902582
130342
271003
913702
393778
681727
430888
199893
310988
84795
253285
89271
846395
208292
972481
478036
583666
709137
418162
312342
368568
789069
582335
573406
123615
550591
74257
953171
571904
236107
58035
899128
60827
27457
265342
863609
786787
12130
284556
340268
55505
449871
607230
745044
242679
799505
309481
854535
666257
680122
761969
71801
109382
1884
858281
319070
508852
843965
871653
591757
464214
489923
987127
110052
274059
762488
748072
53586
795510
145550
189314
667914
89301
75473
54515
795746
966349
765596
447215
956004
898012
204560
36039
768086
213419
636137
179673
145332
561247
514216
555045
706944
380968
257757
79180
835352
362248
507572
103942
71270
341238
260386
526479
452268
807643
395234
928292
569044
954481
1275
143615
960879
491122
226088
308277
695746
125770
675145
496556
740986
455197
812747
484863
325191
942260
682310
1999
896679
136915
369806
750969
73550
722202
659315
342742
862798
927113
822566
977953
415486
248490
975125
578863
888936
63091
336674
194793
315963
462739
7749
980054
804069
386135
362337
213528
777400
175873
548371
236480
935827
257505
195693
488355
474364
588554
461991
464853
871842
959152
654696
712502
926872
888115
615347
14844
768589
59627
694946
464744
163928
66229
316634
775347
927258
997717
759273
558993
594020
493804
528356
750984
385261
698415
471894
60472
251281
762840
556951
789636
571112
11796
607095
483156
348223
640476
555222
355723
769963
45783
389754
722045
228782
228045
989062
988985
948327
128617
756003
70744
389215
403620
66854
243092
419562
519968
265941
857045
694818
275687
233471
649416
330483
89456
523842
956627
269991
388677
853731
219619
429454
508996
922988
324311
392202
744982
309183
965427
41596
675057
953607
41004
226759
530505
963006
733727
827981
593364
593263
603628
464860
339890
74333
105378
956790
46835
460398
695561
885214
838309
464390
472803
603001
914049
388012
413351
811229
784239
10414
226985
258138
922585
382939
596783
299947
283747
541853
49077
298303
653216
731253
93706
864850
91908
564894
347642
64938
673548
827820
321661
952452
629834
444813
944599
181604
101149
849114
641445
782496
354114
471542
993656
724029
405521
825891
816241
953290
299391
678533
339745
496645
75711
271032
572052
96045
316021
808980
134801
236538
894060
639949
917892
18602
983468
303846
252484
496324
123525
765207
96605
713111
577709
709266
136996
760000
507573
471032
227553
958652
540
773311
671912
70936
290657
645176
487777
876988
83736
181671
316723
8581
504343
107747
562843
926128
559141
409004
447140
567698
928177
92620
354886
335929
64060
901323
964883
725911
179929
585229
181782
206849
897697
984351
839007
85485
401197
781364
395570
772778
775062
27635
148006
524501
912126
390299
843042
63422
897958
462315
926728
868641
877503
244414
111347
758600
594458
169761
174388
764570
291029
679137
687784
644562
841482
902834
13007
937570
789427
137548
781247
615278
501996
933012
549574
27435
242371
657765
491934
532815
969140
919805
469195
670902
427269
670359
995913
143610
683759
658129
826372
134128
489667
917856
484692
992105
367619
554545
301376
773118
1202
128130
625060
659843
426178
303437
407319
747164
944395
230357
200147
903448
760179
999443
765797
853499
847681
366485
162653
957768
18966
827278
41446
648913
356260
850662
707348
982024
846658
228595
271236
92580
101394
833863
174766
966046
27733
99273
964946
68433
807452
361841
651276
255921
239103
435934
55479
824324
65988
100566
88780
314817
159145
77451
940639
460042
659526
386292
213487
705
576526
820281
913516
347683
163390
868812
767074
35716
46078
61781
10889
363114
945754
611453
419068
180298
957800
244675
497837
767583
547275
707449
113946
893164
864981
133397
589848
862301
51231
258607
681998
38763
746838
88690
776295
830899
744699
883606
383875
624149
66456
639503
318420
451156
606071
645817
293361
666610
814240
590275
913387
220101
875508
293241
17051
231893
357821
220810
530065
241031
808889
681226
320371
980026
896147
661838
489065
14117
660201
169781
242958
883148
814719
449984
13656
74719
87269
324404
731926
340941
890204
897022
57250
371683
192645
364943
506515
61801
760445
142829
747368
115746
707004
581507
588906
596141
16735
410624
866694
63396
223878
343356
708768
399237
270480
735120
665516
424105
709986
620480
517411
898336
639135
90874
286587
95098
789737
901878
412719
241763
662988
204419
8077
519758
400239
984406
130303
538547
78242
408913
152259
695916
563628
140490
156860
919328
859599
801699
399413
599637
43257
573953
402708
224816
287446
627918
975564
511226
379605
146857
125406
737341
628263
468855
902181
224789
376188
149631
678426
167130
878269
445295
8775
454980
179802
281205
855245
320155
731902
146455
692004
347642
449164
870704
183747
778264
118386
844240
464830
432218
846779
80541
910278
683005
787898
994546
603493
813757
634297
77959
426688
13881
221311
339481
701907
213460
973449
605029
77079
77321
630956
464032
971796
190003
123382
778091
945916
361195
210164
600821
331007
774330
774867
955211
79049
901426
49947
510876
590039
39027
147177
606348
774146
450075
722229
441540
804951
507748
147373
312572
95143
83022
221427
875508
678217
507813
687600
181340
799944
124282
537234
900379
133779
807166
26756
834170
730817
638151
742845
776275
419660
431048
35377
845947
69054
76361
768934
785723
46716
491139
851666
707745
86271
815178
507828
72679
924376
318952
559121
563489
828602
405066
16565
717371
99159
310023
230471
992988
92154
684884
911914
769336
147392
846572
242988
630852
272841
795732
354257
216409
773991
689474
812361
872607
398844
449752
740137
832555
935775
953187
439578
239147
75943
541812
677764
548520
763932
139984
950581
428880
356794
151671
906740
145665
764697
188612
854067
52377
768748
369342
74355
131099
46596
268761
618755
886073
383426
123600
37069
678033
192773
154146
340044
268302
833826
290355
795601
579584
296065
507428
975645
420132
49969
104404
399192
379441
640514
486863
127111
373608
141965
445393
183676
421585
748733
341717
725658
478485
123472
597213
467183
424786
44357
939384
871247
611523
188662
403759
155024
762398
29959
536191
27218
737999
57383
39366
773875
460972
491606
921197
579980
327240
100890
100440
615572
193532
783711
723047
996750
450098
512292
639640
977656
866829
198122
331268
457435
430444
845601
595990
852627
111172
41200
214725
201057
435580
995405
653131
289717
143232
770465
386058
402631
345185
363616
219884
544405
1799
398972
972748
787242
488169
740336
391435
982430
814118
820934
319244
241064
708327
442784
856100
581446
615883
437285
617787
150320
523514
232871
742180
769599
954258
166153
466766
4499
113427
973996
964225
151427
298021
614767
523737
69140
851966
843631
523759
709972
218540
865514
207684
150022
391813
64807
385191
324455
473751
402869
410811
209726
11678
789036
42439
225389
950793
768390
244503
109664
676253
430042
747403
655503
763964
776176
939684
747132
241171
58268
583349
861283
631105
566385
511346
49007
185285
697279
238175
7389
736591
741579
954436
44070
628728
924853
628812
298923
833572
42867
195275
926933
17488
380213
560309
610844
291021
584160
808191
263924
643245
840842
55094
36916
887222
82787
228995
667026
81642
257283
975687
591551
196333
271923
184627
536272
122273
945563
552948
220758
655505
481960
638709
428720
547494
417099
430847
521605
349073
956936
412624
805682
437482
72434
389829
639971
971095
681363
939775
192263
128943
980377
98700
490131
741280
861344
482714
410601
256285
542173
88432
557605
466546
142132
623003
587843
412750
508758
741039
399216
158340
477805
590842
138914
275631
823971
888647
889981
910751
203138
341262
96378
46056
610942
251893
965694
784267
220658
789410
171958
531503
516842
950253
787503
933823
400161
379431
188566
966899
468597
11153
352991
672481
727088
945963
859309
371703
812664
272306
127989
562019
981448
940566
184544
677167
34986
939014
175014
62126
728253
681469
783505
583055
344313
197546
664902
62881
954176
329361
157888
36530
85931
752476
748787
600519
802058
399435
255542
686663
568044
815549
861456
352601
257374
873160
193313
528622
640582
755375
576522
965714
309090
230862
192953
838841
533896
497862
73453
291470
336131
639317
906246
319269
799405
103705
540334
897663
249766
64364
857187
996687
891202
506024
170248
331911
218885
954482
826516
448726
751579
569995
318347
818772
375313
162996
833250
388934
579602
363747
470264
860532
269876
317775
223172
602218
296749
73809
188305
169354
55457
108136
809869
602615
481331
809215
235121
340084
208301
43371
485228
718368
409602
941688
638303
942119
338845
73440
223770
591132
420491
491242
41811
943503
19849
103107
81149
397600
357421
111582
665385
867173
465640
502687
204801
225563
209643
182737
801741
552051
877575
98058
822130
637493
461493
763059
100953
574894
860187
917560
757561
237246
648716
715222
613707
829380
80376
717479
923107
893105
448986
195181
476479
321759
411487
178676
313097
116884
188976
621393
247576
845085
805547
276030
539110
860173
996287
119120
587490
672491
160584
872317
716744
275572
943489
656523
657080
262302
192226
345301
237398
966519
311888
641294
363212
449138
686112
31846
18640
326986
860408
945126
250434
214047
616092
926384
40491
765784
663130
367884
101893
635180
93072
179496
322629
656538
974764
862023
165322
181972
712616
35740
997713
883121
558404
565536
360552
476944
112207
622474
147942
538620
747758
610078
530682
983830
685683
823471
445165
724770
585466
270624
696980
157238
112286
856213
810652
477970
659543
855479
683595
341132
588930
614353
399673
818908
316859
264812
586865
116975
375584
223678
152842
96889
71662
697417
394712
401628
236139
550991
59385
94400
578366
77185
119528
277431
334294
981808
275512
833328
795306
870050
340857
377278
397198
112834
745060
872290
470042
29380
741790
994716
20767
910322
834843
26509
930695
344000
670457
197795
906499
330080
639294
669785
600567
422383
612698
203835
358466
256118
151330
509713
196458
242813
893775
338855
456562
786180
611331
370127
463575
894705
857745
234730
279139
738357
926976
156316
963349
183088
224839
460963
347535
848796
830969
698379
475871
940957
947295
43334
446207
201416
69757
451668
535475
255608
571313
549072
826064
400337
537379
699892
361180
673835
309699
70966
509191
652292
959372
775606
6315
872645
90241
46643
395301
283215
374082
300033
700511
774319
478985
973984
230437
601941
742129
971537
573845
872024
421603
320147
593436
573644
680799
66916
589547
936197
192996
871073
285947
946890
511461
190053
129827
985430
276332
999239
537808
225362
794178
679226
238239
882210
333142
721478
96349
913490
203723
668316
504782
965542
280148
822854
223236
149730
304666
863971
902887
977860
918591
566877
156178
439366
383625
171588
440130
822296
736274
960310
295725
260974
532551
193333
780911
379047
436201
970756
903618
999348
360681
461723
66722
187274
166543
156789
622200
176769
376150
442907
23147
744800
275954
508683
756923
245508
230834
76980
408615
923521
863457
106786
626203
795212
642995
715778
104860
674358
379874
329487
673162
620978
452075
569935
152729
542174
377601
400540
868559
675064
138562
921619
755336
868781
226354
668142
791061
346462
199678
596442
447312
679691
90290
876240
222232
621041
132359
906855
759945
320325
372092
187434
522489
954777
288591
896352
772734
499438
661789
591089
485914
621418
263872
461242
318073
139924
367888
206333
675929
87560
818089
49835
261677
996894
41332
854670
447994
748989
41376
495189
797025
576653
98977
913470
761389
205259
478459
914176
20186
772427
859194
41731
551229
837402
240507
390191
565755
217243
629791
446085
185720
127007
178225
69985
161609
243229
460237
358070
583860
807481
22181
623890
92354
264953
851712
258145
637732
806820
30557
201511
968059
998209
220367
303976
9042
889435
941307
664588
253740
70555
841674
583841
26591
863363
605367
862169
904841
969127
549403
257326
126209
158038
226354
202690
19551
5549
981378
595358
145494
516348
714543
499556
664108
737431
698208
867633
147721
311997
333228
452667
298403
220899
576274
663127
462105
954985
215971
334887
767879
537770
309307
422743
983170
371935
699755
203946
234323
551527
605919
436594
873129
315389
567206
102341
139559
800076
596483
945912
925818
592512
369769
245195
49947
430560
379692
510652
620041
182008
618262
79144
24296
875511
597581
593099
44333
648162
991308
200428
267814
495744
663989
826633
181728
958510
298384
343420
936102
121353
436889
420683
404956
865864
117935
331199
180814
515590
328414
160241
986592
15012
172619
975091
716444
974073
411415
370217
401923
681998
8800
930558
428139
211736
734143
671359
187723
294809
211677
945512
81198
73309
803314
389365
267695
370681
684666
332905
428469
502379
133990
940434
118770
398638
994890
797252
224059
615156
368264
45661
787219
200144
283842
667164
881091
876291
786724
426273
805653
46974
960107
974884
157602
962606
178830
230744
871808
560089
642433
166390
3422
701373
19586
942051
158322
241526
724039
534870
228569
739610
330787
478742
877964
532764
467568
449113
214927
547247
908438
742919
597077
52581
452820
88030
995560
772920
574845
942884
122566
449122
711678
601756
720530
3147
608276
793773
688365
830659
664878
680780
570631
824263
776859
811910
59670
168830
972861
181634
704704
669085
436182
5968
786908
348092
9007
335293
384959
82270
699093
631868
592938
699909
718431
171817
325714
262187
887969
701419
654298
260605
582094
834526
46731
350791
536670
686208
455600
362443
295674
847713
601825
167925
754117
182534
752213
448922
181811
504610
810071
639794
716029
40748
40037
337736
474536
988597
183394
479881
869761
342311
46607
5037
262259
6289
263522
427025
67730
729948
627429
39686
511934
815828
668556
415985
593473
643535
467141
801353
600327
852806
921411
806534
8337
888977
192815
330633
645976
85072
122523
542163
949235
995008
127014
750388
375278
955668
161883
485231
91360
833166
917637
921166
164370
48470
708723
427742
409506
3464
341501
422838
211719
611107
926987
753150
802535
510325
18904
44758
160240
936116
511113
78700
867139
979082
181237
785948
316038
364932
975466
589766
170875
753221
818409
626591
472573
356717
280915
763011
82856
475243
586362
990475
418975
428201
243598
12869
663918
298604
765350
484683
593148
833276
714052
129803
183023
406166
714163
300377
197825
733632
224997
361488
831414
957854
882711
42691
957950
448635
923209
935763
695493
468492
694344
770078
101720
987829
210020
52412
612854
290096
689441
475922
373859
226071
187400
402775
387893
570939
524101
72618
23255
592933
361745
41998
946062
37092
252422
418621
838327
707357
492608
95283
53456
985648
246046
432984
696885
297715
106032
128262
726787
586218
434785
758661
925612
220165
931631
838578
904018
114909
356267
94692
905196
859087
422458
925094
487663
718306
595997
874429
711362
736479
154171
438067
774709
81216
91792
827414
522529
655209
642493
709618
587942
49040
940439
364858
900791
251773
333234
737447
589788
342483
58087
278895
638112
529058
155377
513186
229939
560740
490573
575589
173166
519106
937375
105458
12365
980725
508180
330446
606886
678918
567077
495615
604609
129548
685196
786621
2298
873965
691408
789859
157119
340619
370525
919138
606990
620941
690367
837841
333906
4941
566337
832876
202303
826110
981857
452132
165839
497833
240723
592545
286161
966509
459215
631168
500891
417429
702217
263582
743932
949568
340031
856578
399878
972542
645776
927757
958095
371400
469973
460114
838982
689737
352174
857018
699056
970536
639897
408950
557942
88207
248661
257251
36192
297301
720715
747184
614554
889033
616846
79111
455549
56546
109637
667126
750674
931116
527174
655168
36736
713558
12154
956153
895351
295753
294073
751570
584469
868872
881375
493464
287410
921756
403890
478996
140830
651152
529175
633716
332900
933436
960497
639881
443350
172959
154787
956984
63934
625474
68569
198425
57302
633205
639419
571170
413781
559001
591345
843234
221295
16581
309242
714600
172096
515385
518685
614603
945337
140489
141776
972649
74846
666142
218155
278352
488630
657758
857116
475334
82716
741287
933037
516717
510447
887120
948124
571297
727090
871679
709011
378352
364679
615669
842149
231079
31411
847328
831097
916857
625008
325328
627606
604394
166765
541529
513157
734679
501404
219665
466816
186893
729395
84507
995677
708608
237808
589537
979022
833005
606126
598328
813629
522956
187450
837887
804537
239656
63276
219076
431380
597369
43554
938306
633871
674044
473125
775924
440771
954619
738180
69602
48116
594553
477991
535926
55121
338451
381406
595558
726230
25278
543993
748941
63943
582569
357397
97196
650651
61275
731160
627502
684342
465988
942744
935476
62976
339293
931125
226559
202758
216121
655039
69273
447041
441547
800247
809164
984288
278799
460629
346354
443672
762660
618934
123661
988216
177774
94843
164751
404283
581254
550469
103356
325663
711406
439585
461464
584098
290375
495476
309949
541463
167912
782743
794805
303566
268738
828423
445889
610530
425868
903268
805529
510544
539505
216331
475216
934387
874763
505855
699983
345311
768078
338425
280597
954306
323028
497599
3342
682282
222067
347439
523373
18938
369097
369679
610667
19190
737344
670669
206734
821794
860207
686036
142673
151690
387952
235032
693906
198212
441898
647485
85104
65267
802775
133893
903742
550656
358476
847773
910094
431267
883898
724061
90450
268751
97011
699259
959221
796212
758186
815801
410144
963074
559629
831753
787628
372098
133467
948499
931930
869850
778997
467221
144289
943355
812009
201794
424307
530711
4863
99698
269887
715048
217157
90601
349040
748353
400697
995428
202187
577129
458649
82610
497373
671703
554000
603311
113302
642541
590693
691755
632342
420275
329769
621282
349735
602172
550371
861619
960032
261643
485345
998201
931024
159418
599496
989454
848407
128683
15119
494750
447771
175185
290096
947232
855775
535696
821886
340428
835229
536440
451169
192774
846801
738212
800219
987923
749811
653477
168884
46782
70113
764931
67297
895990
865767
191408
782525
590842
803965
210532
711319
871185
992038
599311
956908
473586
47934
879502
765176
784631
162040
703168
513375
283165
340705
714171
152020
284451
270746
646173
125757
346256
653295
73529
523512
714792
564995
190089
453896
38128
162770
767521
986366
897566
799136
16079
256542
923906
966442
807447
851714
261372
813170
999780
72385
775250
551130
740921
156462
233500
179810
475051
185374
857395
248852
157909
284539
543966
385139
81356
693139
647341
35495
66378
453065
75056
268485
677930
613715
805748
999463
572208
530897
20147
607180
829747
210501
586003
40092
77188
922625
411514
52289
713340
29430
412314
936319
483694
760860
253200
780884
966206
50738
947367
718883
344176
323178
169354
128592
720059
335782
835875
787954
462601
712779
276110
732530
385091
726068
741922
846477
735386
244803
82274
809256
43689
631307
742574
2418
415666
236124
278351
564628
538997
178994
406543
229295
121949
628601
870854
355876
206589
790817
420391
731309
435498
633375
330554
8050
788507
67253
55119
638020
988485
211501
859769
36565
331373
350873
530250
290941
785769
374510
898069
738187
884083
160021
304536
654024
333161
939322
622801
671619
765480
730227
604397
863052
554109
323085
483611
114313
102275
256912
20294
901302
670044
488031
84537
826178
107081
736757
164937
17419
674296
879383
84407
84681
398795
758888
616804
9220
700133
859227
977264
780355
119329
610580
347671
175796
311284
422442
390602
199529
643453
759341
415953
154261
325701
722032
187087
180546
601493
237244
708455
782782
365867
30077
431882
107191
519271
379676
278781
798687
173919
197247
684947
489311
282146
899304
781024
841407
884513
96732
81787
182733
72948
461109
976952
88492
774486
123953
166606
407981
135458
7257
590833
57352
417452
423135
762667
573042
15485
730932
88417
426435
803100
257607
361469
208467
137372
249780
240610
751857
130766
363101
892667
176010
285109
724996
766841
421851
82423
328862
908322
758864
455132
288634
550882
145108
107865
880058
132353
558872
53441
124008
757475
248361
870414
662509
946893
112311
525540
608231
39309
247026
670981
490156
391589
58669
368293
298206
514944
592760
86470
121864
279341
624116
28549
167679
657200
327787
849172
503567
201139
26628
407985
166165
239803
238372
365816
161177
554225
36061
567746
197068
777948
704401
2787
361205
844624
800357
745248
276587
606357
462035
201119
906129
364862
340331
44877
927977
15096
904063
901825
627405
715327
857608
155925
284630
735312
973512
796300
886051
445998
6604
441918
744083
452871
380485
789147
525470
950500
249240
408878
537642
597921
973018
103788
400167
765523
686828
395540
963304
237987
686601
780784
998155
530401
115259
165565
833659
507457
230045
145515
449373
206967
427107
42393
940926
669370
121311
14702
640112
765578
618711
65194
138904
616120
768427
302094
421458
999117
967498
322738
720703
951436
437469
459108
356904
703972
425123
741508
328845
567870
914047
124680
774829
259345
939849
72783
973667
94451
999332
230133
369280
838666
959947
211619
72770
179495
133825
921994
397799
466265
384938
776451
571321
334365
605830
628684
29135
746869
461302
149922
167010
985295
572379
430871
972949
73991
642900
511042
298011
850129
477338
855751
190852
716365
406537
694591
418762
882123
380171
2586
336437
578276
98368
43848
925753
558789
948040
963981
465949
457369
608127
842859
532055
984412
269856
164630
224612
985529
346698
125469
622845
387321
206261
387208
713494
633400
688896
956993
830333
718614
737365
804017
934022
253843
107215
871478
921128
574046
137949
148894
9811
730121
288788
34741
261215
763597
139417
403680
496797
601621
323877
221211
619554
943393
862129
83240
721
866672
546934
680555
5070
494904
134926
389761
477316
721302
534514
201583
939396
66428
82247
54520
898702
122410
811321
918523
351126
156798
771150
408541
688958
113102
226390
481797
103556
711658
371012
167323
650661
251198
224639
964649
236980
488523
972886
599768
739182
282747
448145
1721
644153
148513
425045
799379
649876
290257
452018
431606
375987
576374
387665
71285
996020
19366
20093
914335
446727
176981
827588
553556
238031
203366
284491
375521
862024
217607
801347
832016
694806
670560
687421
103190
501511
917636
822957
434820
972489
428457
562172
675974
867126
645515
281592
670730
163360
649447
908393
227824
241900
851163
61518
502476
799752
594465
862210
386978
270665
89216
87182
942481
286403
491134
418225
604672
235969
323616
422920
615912
156819
806988
305147
54440
36961
745341
826824
447930
507267
160798
480905
241806
135008
66969
162473
208351
804248
753433
416387
77417
740003
963596
222177
777955
464576
902075
963496
971547
612237
41342
507029
428398
248884
934503
430869
583090
645335
868047
5469
121390
144677
947699
908076
37246
143478
123275
858339
236215
771853
344246
666295
468655
645166
137662
753188
681784
594771
443174
854449
864380
845426
131755
27027
4963
326529
266239
969993
830560
635464
242268
994692
901651
300198
682969
474309
293191
306743
625754
403725
285263
300467
872797
124181
918915
18758
165586
765454
450860
452079
652718
213698
425917
839174
352812
385621
1248
922361
617881
346777
859549
884693
326381
932206
29596
435759
28401
668686
658056
891813
494057
479688
101841
865815
638453
898053
953997
590879
207413
529065
341796
420793
907143
763296
948512
605765
443982
844345
548333
962414
664216
306303
445813
350447
203483
426137
953070
723027
91232
149147
171807
699947
257318
28363
783895
575685
281843
612950
879775
619849
429440
451896
702670
818841
811929
449730
441149
27451
984153
14268
633471
58955
772273
79891
454307
389788
722873
433689
40005
192359
50759
938643
553193
726343
697910
694448
670111
430841
188303
904657
687221
354037
717274
536261
142627
601277
672179
528038
743064
347237
712437
468308
748917
659259
845594
8150
168944
556181
871809
934534
626319
453750
561418
737741
80828
394507
218338
603854
67172
723468
524415
672778
904664
364541
59924
256776
286564
256309
960646
284714
380770
828020
760084
884919
156413
517087
708772
708791
845959
88252
624908
866904
929747
798319
651259
864743
529673
53121
869087
45858
936127
676070
755241
317197
427815
295322
971876
598057
497102
468057
639872
266531
202969
391240
226639
331991
824170
901555
30799
181670
721563
800845
990223
678990
638652
672514
323924
151167
141542
651995
282470
405485
197139
275373
168344
604359
212095
962802
389497
19111
245054
864028
569852
563260
705033
912395
219203
646746
310143
237110
768068
444003
177264
645058
812708
118046
915227
953279
470342
346839
658990
885564
856130
990236
63680
676163
56476
151363
515542
590390
855790
548107
214219
651891
529099
820200
715736
641492
47236
526143
991235
109304
766453
376947
200036
51691
560499
832182
144938
486684
396355
977870
185810
845144
592549
192914
362863
730761
902451
717229
525636
296563
153568
750604
426277
662822
212785
185889
420567
908552
988095
839380
91801
718924
64279
804363
269345
396109
11213
61358
692986
674287
528139
639322
405487
154158
974737
335362
801373
846856
615793
270985
364415
154311
854746
791062
69549
685057
508460
805886
129585
923703
874474
498409
232173
72203
706114
160603
437993
706034
384915
564586
148566
178887
783368
286768
22740
329662
684158
547935
154767
441485
79280
782043
520798
863746
560296
251202
654541
290795
353331
393227
168623
894531
326406
17322
184671
686204
542887
352940
504358
260846
471083
591953
869991
59141
204024
14952
608057
901765
297291
402702
862015
400367
250158
619273
131693
913910
218184
553700
748742
794840
340126
265631
44354
920367
254178
380324
914584
648645
483054
769187
659472
426011
321979
33737
991636
12559
680274
467387
837467
931357
382678
606726
579072
960856
141740
466585
813667
659148
767725
151980
68765
516671
53503
94428
293721
148232
540992
504995
907256
286066
685253
301480
892112
13903
848091
331028
829243
674208
575474
382014
83348
700527
763337
499640
709807
824457
670391
977398
158499
880511
637176
804628
655390
426287
16137
554989
956145
335875
203310
657491
214312
870541
894150
606389
98929
431537
340777
985833
803434
679678
741767
914092
431701
817703
522520
997230
421382
803085
341290
156235
7967
615355
504479
998236
770119
573086
462121
212917
872737
457441
679742
869435
385543
647062
157132
151128
34371
624351
914642
182250
477447
628609
113642
916417
690172
821605
576576
350767
92081
102173
928337
746196
758820
460893
228763
680190
644337
256912
671611
520956
297149
992374
207337
873164
25981
453147
210531
61964
608774
231397
520747
288633
188802
320063
326661
698600
466431
890447
914065
431079
678602
262055
489882
409229
304453
376086
754035
391319
317700
450926
704214
866233
741738
595147
803625
383537
723652
369244
503
408763
22253
954100
499106
230870
61334
578852
166828
236323
629234
872163
846757
623136
751959
97207
969537
251519
880363
456827
608930
697548
36919
491795
992473
214479
517333
269995
586537
195448
158127
599935
716466
970667
888022
431365
806180
436846
267011
191611
741743
577072
986394
791734
595002
405064
350510
834248
43808
721317
268212
275453
513325
517596
172404
812249
471435
156345
988560
661811
71572
909647
352166
830271
276596
701342
490627
886859
534688
703692
236130
935712
699159
489507
304337
520600
199545
351548
251652
98611
330773
221250
228640
275720
895220
663977
39422
770929
732175
521525
583579
358221
178842
603803
379270
867666
612642
386913
798312
668053
426669
667669
988674
39346
679596
723349
364369
611715
964659
788297
455588
714168
226580
931350
322573
486985
703909
478812
85431
367408
471991
468318
61937
201326
675601
377075
110084
868046
299523
709858
951083
844298
865390
885644
53102
300952
301525
490144
341976
510149
468425
48632
26652
576039
456622
149300
77635
542550
924832
248098
773754
349062
197020
805105
223675
38779
860997
984050
41536
147125
620315
625334
637763
508492
873519
981621
877532
599649
562803
943546
386543
929247
516191
514874
497479
633736
284061
41069
191959
941208
145779
239300
954001
258203
439697
843555
403130
976661
964717
83628
791898
329050
374017
264553
73330
553590
422757
6078
321194
580938
455689
286536
932143
530158
922379
625315
968308
25342
527797
919131
361348
875735
200048
411174
664131
111507
743799
712242
83778
947838
48955
874234
928266
443376
350999
843331
711762
146371
957705
286731
262524
784293
601987
143791
491866
998154
463627
38486
425228
190226
754625
753747
934698
63147
723797
964242
926811
624056
782157
311502
774988
708393
424898
388105
547909
266451
840214
685063
645815
409377
308023
829958
351014
282544
279442
410854
575877
451791
835796
287945
31636
62421
84597
615658
579094
624019
927511
498782
436379
664288
586297
556596
206222
651437
34444
83709
673607
192812
224927
992893
201894
721837
778317
666084
757425
274316
463608
343655
805501
596146
469939
182871
254572
869698
457878
405815
608916
268547
327182
107009
606345
579025
954074
375593
926216
658217
242103
680721
830849
887428
262417
651058
934095
822548
428979
297177
963076
432169
879579
902078
663351
212924
384011
412540
79489
880596
720198
195692
428289
43391
753121
663813
571800
3773
357201
71073
428275
286746
171798
43614
703724
434746
603843
767870
158371
17525
445765
770491
966348
906182
139266
511329
956439
339515
844895
221775
692938
630328
503684
588863
21898
332914
161781
192807
937515
491087
692350
177400
546955
647889
878656
47729
280614
895194
34798
954435
71531
597581
532266
626647
376493
864658
6373
69760
166040
772403
40679
804669
533185
312347
417624
196776
890623
782967
780807
771777
610786
211053
318414
165184
416869
398359
43014
235413
327560
355762
860283
243415
261105
5363
646705
660051
451830
998345
952418
806449
621725
786265
855471
719166
884017
938226
270080
495801
73945
179227
175419
387777
693431
308037
977788
347330
868793
891446
74987
917713
732089
960589
252940
444214
950992
959378
451357
23961
261911
981244
208310
299937
423956
742448
433041
801642
990150
565275
519094
136980
225160
938202
608240
98069
629557
370814
519558
766212
84612
14588
613997
635273
897005
234154
298751
993230
242458
262675
231003
55104
555564
975702
461115
391232
129995
414036
846580
793860
786089
607005
856056
590633
380145
786625
500270
302192
306273
712094
396279
623930
889830
983194
216513
350094
718855
279588
634491
372548
768991
852926
740019
976765
691923
527279
253294
184670
205081
255787
56705
386849
617638
274282
76956
131997
280714
799049
641342
802562
208982
899447
744173
177457
564261
444306
926368
23580
878750
475061
83664
586536
677392
597413
166985
257310
133864
865933
175281
671681
152344
732488
752743
417586
313267
976393
563499
815086
672849
823176
197227
562639
891709
599342
401252
11554
359904
626256
803094
119726
627096
790541
600328
154493
183658
762843
935004
485162
234985
755317
336941
710832
488666
701431
606913
385815
695786
763268
717881
530322
379687
346695
239563
268823
333111
440597
838583
714188
573207
624536
547386
251282
620618
131134
479699
124562
107739
154100
981660
557155
101268
271801
768585
544105
674112
456477
204375
960161
332806
118597
965835
705084
513026
737015
897429
595468
771841
323047
748168
287747
715704
961788
269143
535256
418438
745946
907527
111524
475700
524535
674497
78002
927585
109676
543751
484675
621352
733964
695929
340187
118659
479809
21404
172610
124990
700059
398760
508780
965614
304685
633705
134873
293388
723633
977736
648915
847535
893719
150257
409157
57085
997776
908348
736364
443264
775892
281471
537021
936178
306643
138901
389641
461034
347982
172990
580307
356051
239964
437499
288384
432946
446412
561925
562671
150724
540124
792405
139970
354906
678254
961500
172582
650446
499005
824140
664563
298570
281549
340756
219732
452870
383991
403156
388604
848992
474470
113920
848870
857686
396580
16686
488938
354877
220066
225607
933671
864699
773879
984762
236370
843826
465626
78919
567383
126595
865971
702937
139151
957111
645143
264583
327485
317251
588199
820414
301247
780389
75445
588485
838657
939842
343857
540273
454346
860204
158702
838374
770854
962217
687754
56433
606060
475490
207828
712950
499722
203551
150114
925197
418588
829285
477141
911281
649794
775427
898816
330592
90809
440484
104067
278541
329693
712368
999988
736411
427096
711825
239082
118100
508127
560279
159640
778702
12768
404886
992812
488994
271497
537225
947169
26418
24720
487494
28030
222880
547110
723820
373089
269904
337793
173858
150484
114279
615512
802907
370065
468731
769282
544082
138969
214489
594931
896131
88394
16618
350050
468802
924633
253589
844803
164800
658259
720408
128679
727678
98398
379525
423459
969319
187900
282363
662376
773034
832806
270299
947749
567002
988149
267068
998386
198760
110870
450930
678700
713782
634616
465818
40778
636150
493250
41602
531829
383583
159183
344751
609493
275399
865292
716547
150364
119578
599567
706656
947487
864632
807754
135624
611451
840735
731180
639873
935671
18757
198936
100023
738531
286569
433000
520923
603864
370410
181888
759162
852244
24098
262421
610977
91731
423005
610103
512047
654358
570711
778180
811911
470798
847366
244866
442442
227144
610485
878749
505870
598282
713775
922287
976954
925671
286250
152812
499820
966626
284178
373665
268123
787003
693812
777541
993318
34336
726385
356583
298273
793427
140661
134930
69357
100924
550042
133367
551886
61578
507706
415822
626234
579877
260514
551135
195631
277577
408807
522509
163203
433200
17991
65395
795243
606
781677
545634
855347
550694
14558
163780
893487
572396
520165
243265
765722
610784
514343
507359
961448
97516
695571
643601
863165
124009
379756
619601
401103
134770
994593
203197
940518
329326
630585
761332
222561
782703
190954
331051
589951
754977
156571
317839
912352
620786
868902
189960
993656
871736
742067
869225
220858
774225
52019
486890
256253
247625
165122
139774
671283
336159
466595
958658
870694
967127
370949
688960
405695
296026
173092
565377
880135
117713
325950
642234
109970
578469
549738
376872
679963
428382
774012
65897
94764
415718
105389
77980
313701
313829
790185
38124
142133
679910
459662
971719
416827
259740
829066
875604
187642
751608
821914
962653
374615
582554
830233
278450
104360
90340
615790
116103
566033
208651
183588
311243
17329
772129
425533
320457
653669
691366
531532
624891
844577
427378
96914
157093
158293
213944
311303
65412
750573
671396
282585
146250
720769
981076
308873
320366
788174
923582
775158
413084
578442
375579
143487
468988
973281
7656
461868
268851
600395
192302
737938
780105
33964
313056
530899
339680
5640
406294
393354
5008
524310
614364
797813
126407
232176
216907
633110
153322
193925
569453
260864
943726
411018
186216
82818
839669
277121
67520
462582
752781
5679
187359
268598
916629
789591
101309
998887
231874
762509
582341
840920
203061
624051
691924
633476
852472
567136
850904
76207
115870
335374
890040
29089
611559
4424
899406
50829
645585
115525
516596
496562
866988
688102
988784
836893
4197
921628
769845
722364
802770
325308
191542
877778
808078
288308
905751
466860
436109
215548
835361
997793
801007
83477
655020
792756
428350
787189
149332
801698
309143
44031
78650
816305
835101
509182
457164
768476
421998
172947
896881
985708
892223
656548
803931
650507
722697
777794
180677
569141
202331
719896
358750
862703
202970
429706
733210
819719
593366
605055
448518
714502
663933
409553
826238
212339
775734
881239
855507
803537
719384
714094
828725
644121
645099
209965
767131
1276
164184
95153
244968
774016
332545
206030
112882
785240
35123
328851
232225
448629
435597
121354
609872
878395
868231
127010
741435
713516
821128
575830
19562
580359
895367
220661
29929
704737
744542
753581
146252
605982
96344
916003
809368
292120
717164
649182
781379
150166
622896
200876
368631
374134
857091
239943
656006
331625
983328
474387
130002
93269
40884
279084
720513
992260
3791
632532
652982
272886
667459
486979
966628
75715
2892
3925
940320
642337
832072
931513
887934
706677
548248
239008
847356
628657
901442
452411
355641
353269
417047
858643
928719
906575
323032
872226
178486
298272
833780
345633
862709
168995
933447
248361
111176
800403
141456
348960
15246
204799
241749
281306
190268
720262
544029
280565
290559
707137
308510
415461
548328
931361
919113
484259
747320
714716
622886
14521
990324
687856
880590
782040
784495
107640
845766
408789
711263
266395
782768
30598
517130
267419
594687
535813
594725
390578
152650
875916
376746
151534
644935
9076
650145
571664
699152
239811
856685
196290
173250
80277
981714
698268
462995
519683
344177
174352
876783
720247
512497
757169
695941
146336
681830
275211
444093
906361
741417
643903
345481
524634
312799
916077
646944
739007
261773
688678
365512
215494
903362
867747
685015
252819
153098
390035
159472
785
6121
400598
164984
684638
263386
778267
555979
732292
701946
946179
745738
748091
487224
856820
416115
518537
841290
58932
831722
897594
520478
947948
136874
295313
655386
607137
243926
338489
219532
10711
409728
469203
180367
789305
538134
397176
472868
83203
108579
234128
274331
575865
175284
535618
395037
779489
812047
801061
553581
875204
3678
788724
796163
903690
500284
885732
201343
849367
728031
220046
974620
702170
88658
935325
480142
379304
917294
75304
737100
724809
858442
283205
692286
770200
189505
684070
44885
556730
596992
92364
898314
725675
888034
603833
86251
908989
443897
693817
194572
985156
494082
644873
550465
918957
76776
641668
725909
678857
622692
361011
746976
149707
559973
788096
537038
427262
208388
40333
693773
260760
815146
678660
289619
649363
197937
752138
341180
581370
766997
517474
28464
841895
458082
163541
335255
53840
416426
608498
636486
127696
943236
780510
9664
450624
629747
380727
611677
368455
887118
198668
411778
681111
735266
185631
892323
852502
591631
982489
141919
393931
355709
708927
816284
562891
427521
247167
222571
414570
851654
567564
262550
875740
414823
306646
781084
983822
199685
28528
413781
510074
466515
82203
700524
254518
813687
311082
308137
68833
875368
913909
827182
555445
392277
386088
399005
221620
768618
716845
455407
27055
150233
247451
352905
555589
142554
976012
821747
681119
464304
796096
682671
935888
806328
157369
20898
660823
225974
992578
526608
58497
286714
274290
207424
896482
532693
175757
572591
488114
839683
774780
496727
419613
251826
332815
178906
679418
559272
20873
78552
175334
877469
6256
401341
601637
389967
845430
193467
664636
958900
133815
601751
21109
809226
459604
14551
341181
554371
910954
910946
356033
381288
442949
776075
818290
249083
511314
973755
921608
50272
318017
232719
208468
308405
795442
8152
855521
414023
543101
154916
279879
228190
803955
143283
946356
121858
392117
10045
382950
306412
378902
845258
95077
699254
829659
115597
852595
487877
41618
348310
287420
581235
915752
109979
575758
72158
372142
410575
893103
302862
411500
300851
200981
676669
321594
687151
850753
253314
646155
764516
439306
677364
848327
772163
824788
406922
947178
985800
977560
393255
767814
238856
815442
12934
771024
865426
791329
966344
230478
97303
977583
563095
772309
692368
273065
645013
70365
573203
68898
540155
45635
699410
112966
499421
985445
449194
343836
236312
316832
184668
206089
638063
850466
430574
549144
127181
602711
624221
95071
435862
365849
769630
718762
470609
497083
960549
248925
706037
556761
6255
565974
921332
346926
269649
847517
931352
119750
765753
63475
595565
100079
105093
750127
213013
435796
811984
277674
307183
886839
41462
616484
982878
751840
553912
716312
182702
150531
654283
798086
980911
925279
65821
451036
102140
759956
532647
114162
486647
765286
545403
881811
567209
302051
122057
231055
576830
843751
867977
608527
226968
304543
74200
78251
317910
705726
18563
43193
306357
560911
169370
438931
275214
153253
178790
541004
814015
323408
9812
875320
765719
169078
868787
321558
848278
534311
415318
595347
408030
441553
577049
734262
637472
45775
28935
463371
546176
168073
257862
184652
385335
977525
767826
583090
3334
164161
857717
312970
277811
985878
197856
575004
766642
382442
963959
637292
571298
92030
707116
135612
608030
689192
585632
994650
549837
297547
373526
745177
392040
182178
533572
836277
148428
606707
620663
88717
146827
800015
46184
26488
498794
946629
455789
427348
407102
88880
393843
802992
32777
843652
577160
601070
363016
940958
835032
937546
580286
461976
173431
717542
479688
76239
682232
961752
11682
604097
947781
852217
308832
545855
837312
370830
705832
700235
591769
868160
881404
990607
54156
633373
786552
595702
941558
338776
801219
247223
562831
726134
269447
161053
293595
802796
788256
62213
723471
439930
275367
801080
690528
671921
141856
790885
78978
458921
330567
731508
726586
63671
511524
515071
958837
305008
543383
920039
811817
990571
14332
233102
620430
593323
867416
486750
483309
96655
573823
209727
71799
317490
312893
500651
529540
547504
996989
922673
443716
976665
429149
684262
494552
665792
330370
235090
666914
475896
29566
719453
109460
347459
505226
589578
714923
613931
169540
576708
502257
320718
97852
271998
793346
359952
964865
511781
732926
430428
94334
158077
436278
181010
813199
675387
955478
463330
804366
181168
692415
502225
592110
951290
597153
953230
631165
271669
886956
84296
517641
118248
147823
711883
43757
155300
721416
320714
419007
788212
356408
633828
112083
372940
956363
654840
441756
475133
25394
228419
100681
208328
562377
907325
888227
264330
334737
70926
626196
72833
76368
192435
218213
103335
562335
229277
353660
48833
167851
509862
336209
25739
411609
504973
281621
194286
808157
190674
335606
4049
318960
896503
46412
486423
135834
345591
789590
263523
633382
260145
615460
755418
10000
212895
15115
701864
890240
924559
982710
857989
69193
982590
195656
764962
458325
350379
671235
430295
951729
910783
791843
824949
77443
921550
170824
522219
404432
408095
757937
75717
481536
387479
616229
314995
144866
972560
424754
138988
834645
676691
886196
721247
498931
726885
121939
680729
389705
362836
859907
635229
737700
691050
124959
480765
231356
783705
834788
88413
816695
794424
571693
108565
919136
691590
371472
223126
134380
925574
117118
822681
33299
816946
949003
371071
535770
714007
953326
823876
870604
772206
663794
35051
373152
731009
228113
510401
690644
420121
32370
853923
699251
60634
618294
497438
514984
397764
36917
521337
859064
68210
246683
706391
997367
527249
457685
168922
270905
452976
981347
111837
465474
270535
803669
262582
205808
92600
406439
214186
336137
549679
804472
998492
303102
210967
104003
715949
989738
491309
95971
759467
366873
283093
106137
44007
187448
547757
386654
857421
878779
881677
293568
974392
21987
830341
523434
124568
581389
841974
330292
477603
969431
654721
561201
433180
892449
739044
581418
944348
148292
822492
524599
960350
749043
497029
511760
739623
904764
478152
530964
769546
300732
178925
156771
304209
449561
521835
539370
251890
391723
357537
913644
920613
462340
296128
269814
896886
335748
332457
517148
696223
675312
537882
423948
550614
260039
38705
998023
821923
270190
161277
635762
282935
928010
686380
532681
514909
606336
850746
149075
322252
721846
8509
257240
690396
203282
313883
92073
752459
602143
27167
121856
813865
645081
623696
802544
200402
557062
693018
934259
648306
463295
913922
686641
773789
253475
527522
385585
881349
551845
365418
788048
638736
660950
901532
422291
16303
206485
783611
708829
40661
215284
267016
864856
410766
478687
65169
586100
200556
806958
228380
836578
829710
355250
161605
658344
165420
999745
355264
17698
827657
674592
872422
218360
706110
710096
990323
154095
773648
204607
684924
129105
981427
330540
468492
751481
692724
943856
697083
13518
815380
224834
935124
494537
200922
65805
219195
399675
527087
545295
378524
585518
457135
835819
652281
813356
277460
870539
22260
375387
384467
567171
754568
215572
840678
509505
373784
350158
86914
649172
997917
847754
575540
857358
733578
826130
768987
294157
842471
757278
408676
205294
82648
273174
337197
236426
474792
984364
746395
758352
753559
509562
896866
460181
365529
796039
989468
398821
832037
357004
630674
932739
782780
23591
436992
125638
989386
784153
610987
599853
860789
378289
946345
333028
165177
10119
2039
126714
449
83609
871329
599052
915061
607820
858457
167379
167749
14799
408485
340408
948984
952173
643370
948660
426430
208382
486605
232660
516048
363982
420135
80305
77470
793231
327654
984979
610993
391813
51220
421352
911645
462228
756782
694238
808116
577949
818811
300989
960741
461515
883108
907809
769338
236133
92507
428379
311322
395030
74120
813719
776820
516782
987918
661006
773171
325641
843572
539527
920130
23709
584891
551896
13440
616511
39596
351219
49210
857479
575525
947458
378310
525364
443263
393180
46148
96630
339189
542351
894514
365705
598623
868732
770011
334035
884576
182013
385186
684483
254319
311737
308772
56752
768949
98420
408066
401286
213660
269700
774876
966457
446256
395953
695259
997452
304709
423757
406618
171234
168612
993463
176462
498529
660487
772925
646276
439419
142212
200126
245274
847747
945752
433940
379825
879364
572416
974252
513096
373188
933071
936668
760326
291163
363726
858160
608917
857389
720648
140766
278821
298073
959663
976136
113870
217153
303122
359751
814459
279554
845378
335919
198355
465675
231228
994698
32472
978263
191753
363588
790696
19461
586246
124802
305902
135709
933660
958654
500476
643859
982149
936346
716462
542984
264013
751930
454398
176507
236920
552512
824417
802876
682216
847398
161501
97749
68011
75804
641058
432967
943755
467196
32547
224513
930662
155487
949998
934165
952076
201116
421277
39447
991262
966016
630844
416785
212911
81529
538205
779148
48687
222623
18622
771875
262830
304024
918162
873972
940612
20520
275556
666058
446824
332994
89278
88175
901834
963196
60193
421556
515439
139629
694339
963955
399302
235441
793962
411684
21709
269045
129158
230526
963184
104703
683566
211315
520377
791012
573087
538387
587778
628067
907463
192678
173081
466017
303819
580973
196502
39618
221774
630663
153449
448915
290077
228930
360525
449660
507281
58339
825402
759931
131164
104373
720310
500104
371119
595669
551567
781223
28621
211935
756286
877045
822854
732023
627913
961860
722175
771167
675323
193983
589650
232122
452976
462259
569389
519129
905121
493506
510244
237752
235396
956294
860578
852976
580753
710262
752674
291077
979585
558104
659835
141504
853040
636003
924913
368239
425755
26593
729349
128421
717916
768277
564735
251945
645828
782263
899565
193276
471797
788327
987562
834661
62068
343523
677734
722535
91398
35826
247895
838850
240073
414019
689224
799540
934330
767398
690065
441782
177153
57056
71244
40664
258481
832978
609460
486307
814545
880255
395768
341385
194972
699077
346925
347255
766832
533826
110596
809179
841817
571602
649583
382212
482519
449347
83686
63718
766986
723837
576479
193340
823725
669172
639856
219028
414632
429134
711034
661786
697024
361612
564333
512908
890419
762446
860113
162591
858685
256341
415261
803413
632075
775397
814475
816012
181535
600214
719393
559867
367307
853260
635164
840175
693894
848307
942127
501945
433757
304153
580465
56279
577709
343207
583152
400875
198862
421994
34542
568723
188839
350134
433140
354269
199399
121465
471437
561490
676014
536307
668859
776601
413766
37661
526173
914927
575078
487160
2725
264300
59369
544826
791000
864931
45970
395151
820055
131632
238837
363865
532463
989684
350687
588074
479129
245181
158542
831018
650280
82343
376992
249812
254307
819358
859106
514271
736838
646958
670948
938133
82461
610895
133574
688992
982513
824754
132034
517528
501393
864881
895449
442653
660259
507171
15570
602474
550223
631908
135607
714809
836017
445978
902891
821938
188095
349833
119356
397490
46545
283140
942779
568746
571211
933407
486873
181635
212841
352043
517534
546136
717952
380399
155236
636528
595178
956537
548801
584461
149296
930709
111865
112891
116756
376909
441905
136197
436012
726102
318990
619936
385863
744868
783373
116606
656849
642919
279116
519486
977830
655201
454672
58084
256598
316562
649309
957909
487718
155667
415317
817436
808924
535343
758901
793568
306417
459558
741594
651640
890586
231292
827887
577606
240052
103132
442733
649743
885035
337826
246544
300254
901682
159625
177903
188585
842920
183005
182021
379809
257594
298787
555463
861577
394016
30714
577611
294396
940894
665792
565110
20669
208287
85125
701200
851720
121022
50423
739502
706354
124594
837746
544674
807081
641991
784586
478191
330413
422335
633971
541414
187238
289510
29537
240003
26356
21480
72516
216739
207704
416203
334554
456261
194999
348071
167940
196544
827157
524163
106705
312600
964880
125384
615420
508117
376199
96965
702023
865654
311985
174247
12345
26429
194941
693543
579780
702166
248004
623292
993224
85078
834909
565689
22819
509715
229886
239401
862518
457550
614397
938770
509912
679396
798041
123955
498607
182280
307421
655687
246018
630270
538858
422142
436233
944142
108277
526426
779354
14777
944338
127059
585929
937181
600874
727845
674368
828671
212982
392746
404510
447437
981356
327383
293581
947436
703887
547051
822385
844800
465782
534268
139768
229772
301811
864077
657023
450031
622219
860629
697463
659369
238342
119349
348464
700713
765206
732208
512828
978655
116188
321364
744197
799159
597229
863119
862106
768822
700206
121200
470546
379184
119338
586920
321718
36936
743461
885882
199645
60703
7769
973237
860259
124827
648749
273402
358939
264133
118076
346515
369781
883837
993830
611461
798620
924104
291522
812448
705936
738541
776796
852725
129581
599315
688480
36210
463570
204659
167546
601540
570666
563272
712607
936026
570676
446434
327831
807216
681628
71591
466707
406876
670403
838238
127208
50322
936321
475153
667782
504076
327402
93807
697548
738105
426824
496265
674350
730184
834204
917056
198361
166659
402185
271888
869116
882406
252328
415155
664791
391010
792654
269937
896391
600301
842531
9720
764029
829433
923086
547790
31390
306510
481151
489349
875987
616492
808258
807204
892568
320256
728753
149650
834286
255929
921513
180302
587697
267990
283565
399878
58983
120176
829275
90932
209324
646368
461195
11062
17143
745985
325160
200917
540055
933177
195231
562050
834700
717801
935822
888347
792101
850238
154296
709908
796459
644667
17266
83855
825398
503373
46219
929502
844345
140577
981958
222080
678124
224686
653355
997106
448221
81430
885657
855331
860681
86492
800152
722877
841322
411832
564406
755975
902938
765865
351027
639264
857538
193965
787783
241907
112740
492750
33158
374579
664505
666453
65753
910849
936865
767812
252016
100004
69830
690734
954886
583174
827911
329036
34775
875374
584309
741396
696207
324708
632756
863750
794607
393415
355400
427989
760609
358723
22628
532252
724471
513129
752199
919420
981501
584590
645277
765660
306119
931962
126039
231408
441553
727301
567397
522855
297338
878868
49050
424352
660466
949390
176145
28471
675233
629947
566475
61289
257446
679850
825469
369129
998821
50076
181610
869214
437507
941710
194011
430043
152600
614605
577215
828104
759132
228071
916816
146562
747700
217124
146408
51827
149107
162422
94961
640666
265371
802878
984413
605608
236626
947213
247706
492940
373931
882962
525773
63647
789857
176675
507168
208017
838373
708200
453457
864411
437415
574592
350855
370470
9722
952185
311386
344775
299607
242422
527486
348332
455605
945288
815355
32112
124319
303105
324630
664828
183876
965470
951031
668142
970582
439283
457193
372829
971928
365619
623819
360059
579949
578749
829026
356001
734272
421995
404471
702878
341283
831113
317569
146692
770500
876265
910605
227995
381344
332690
16437
40977
258401
276787
463933
919735
284501
290600
528057
18124
683088
241521
226921
521701
917511
711558
763260
822910
461810
291478
535333
593865
471139
597744
165899
17703
2470
350708
331811
418312
287703
632484
355698
409073
426968
119114
658311
778581
763778
361356
103124
412501
330795
487519
907625
27681
176589
690603
525187
920185
777204
617393
914743
571906
363798
686664
198733
63990
423284
811947
910186
725425
225975
81715
125711
65768
861251
113373
31914
174376
344245
763759
654181
777376
926675
718020
11535
178610
14280
491755
343903
870600
222289
211734
821070
142700
199107
524598
997634
837759
728902
28584
898509
412917
605680
157312
35667
539523
678481
306959
262945
215481
321013
537272
98985
240518
933784
22983
77104
964193
287366
890415
654879
135580
945358
23819
325141
201045
15756
507716
808408
567495
935858
497083
613978
793662
886415
198783
776768
47621
460855
516998
759529
476357
894656
228771
78666
879140
814446
505748
800663
634272
903674
12332
499887
862822
511295
375424
235006
592425
174482
108165
128520
559310
605553
587900
496786
419443
20043
868028
5810
817344
85733
482259
826239
696843
747114
97562
793824
787361
780922
296017
579265
996040
513034
444334
85855
953637
212266
696477
2448
679520
32759
319805
291101
613519
230307
203341
878835
29231
714955
137998
497169
749101
242735
751665
356441
35769
870452
38987
88542
968156
531305
948586
120333
825304
723497
724520
390577
966904
767781
548997
722215
721453
399955
771689
714512
701651
16232
652196
352483
103259
149731
609035
183290
932202
576324
736984
504306
798237
767882
665971
793805
559608
492251
672223
59396
988036
926893
844495
324439
19658
32448
858305
494061
194528
205340
85612
366335
934389
716788
63584
764866
10100
487798
712210
232550
241566
814232
416738
107012
852850
569579
266655
413385
611379
719667
657339
422047
308505
872348
193544
852608
418224
368168
983382
577082
845920
288678
89209
21706
293610
553530
938007
919494
999516
657285
910441
430578
781876
503646
795280
500219
656526
522219
82499
936525
41866
539586
728615
843412
500760
199677
591962
61183
667160
908085
475152
440020
766659
212917
239351
935669
223606
970427
209520
227249
568709
475815
183149
286486
158118
590854
395521
985809
379230
478160
78518
52479
319212
809859
715231
542468
349226
978329
838244
834851
31724
762264
52567
925707
107956
215483
178242
496856
416859
270712
163412
487708
220885
465942
423377
204979
276340
765881
595710
702559
468398
426617
643115
842412
143393
494215
635942
303198
609066
865662
486173
535784
75763
694955
223860
399438
757813
11141
970209
826771
792733
105366
816762
710292
749043
323336
74763
967350
550701
961298
921503
608366
838638
19312
253070
244421
2430
830931
598038
902240
525573
590500
491528
120721
411353
527946
393698
462685
463353
199872
889020
915900
96384
48046
92814
504638
837809
424281
23960
198248
883992
605815
756086
672597
910799
877604
615730
578099
201630
169450
502908
590545
748656
232447
983376
341472
311154
836410
401081
352092
471103
546223
884927
346584
916931
505237
859718
881711
913687
246457
834268
135330
298607
713254
171808
182324
416313
269770
894906
493809
994059
522755
700893
302501
993262
422700
963218
287629
856945
70011
771491
456255
695015
962201
797825
922923
746506
941703
346984
369718
691999
150126
959792
108539
222763
137529
452067
6432
830285
349403
906090
346890
161818
572252
961472
53094
661066
908577
294692
587901
221251
775166
631126
900893
779297
834563
542551
273758
474999
644205
39201
173174
233900
727866
166902
653721
541241
241142
683278
698267
221562
374381
314471
113514
585713
519544
832455
915035
912870
26771
544998
358695
795103
713445
227607
99168
415807
622189
529397
405106
908619
866641
293707
68147
848263
207287
713661
356107
681433
536030
729001
723879
423121
130067
675458
885100
80369
357533
699625
83869
848805
756033
545528
135164
707438
95302
744796
929354
890492
347598
317703
370408
877873
356993
948846
470528
421163
462533
679930
250568
477228
465858
125106
245873
67098
61855
324622
388260
681884
743221
481762
387531
931725
864805
786921
760297
904048
235941
779900
716380
664480
283718
185579
931743
839986
103885
360603
431023
87100
419001
814025
488816
214040
241103
294609
813808
267695
632027
923192
131837
613707
168541
605405
603346
628106
270405
619343
662377
780014
968179
105159
61467
862375
404421
94075
303134
376191
333422
216373
520300
333898
637723
791898
932151
78672
527306
812068
799309
466000
405851
114384
752309
37997
484155
306419
144747
38738
52450
388563
64206
810334
40929
812566
208427
796330
894438
426341
251563
62934
402832
907625
503140
21224
290029
278876
512010
294303
71559
270909
733511
787634
483927
14833
683359
444065
727033
235434
26133
392300
274694
314515
922195
595340
120546
513706
707760
999538
915813
186748
488641
160153
24200
943442
442003
100560
876173
154055
947452
131311
734922
622323
272591
134206
244490
478899
163010
242771
487546
795197
641654
696848
939212
130447
17323
431901
193356
488322
738773
395518
169536
825298
685818
976716
329124
77928
668787
524929
471305
179260
918240
169584
559527
935241
568357
726129
359289
519934
529633
943805
726182
541141
451925
14809
517960
97916
289960
215377
610854
789628
443524
961373
359125
18614
310187
55702
95153
277104
465474
631809
238054
721736
871054
447757
413789
796686
656623
453958
854958
647259
200445
232884
453122
339143
607132
955733
217599
21965
735508
918170
310085
562053
548909
558220
800061
541432
241893
309640
13516
812487
363986
856715
247205
426595
35589
485926
352915
834046
66631
904373
357599
326109
784781
837677
952323
4745
205836
545886
703946
199005
499062
481197
318271
753466
670962
899523
60123
163021
273054
128482
432651
408665
889772
378679
254300
311917
406071
759451
931438
563300
351825
772163
725948
713614
703206
643958
446481
819110
757312
654169
575270
897813
949155
368232
76121
989145
153879
488126
232567
447320
306924
409513
399829
158921
365613
51272
655854
885314
200439
573922
636570
517708
719852
224269
652348
211615
599753
267265
833561
579189
861502
625430
553980
346764
264146
910842
205916
155328
904861
771090
738419
343457
356248
133132
962176
552748
367245
287423
577467
491699
514349
789937
754552
323005
271597
358276
374349
112577
366878
963592
541061
490503
737842
693769
382952
744714
355077
200244
694183
441708
331424
46588
603495
934158
992598
148171
442195
289426
632252
936922
395975
281533
831183
195518
788839
60261
552502
946108
959663
879499
225608
292130
857358
788621
475230
316462
328211
648267
264679
438208
934244
939525
34153
916436
793005
930482
764003
171166
414112
873503
728352
711514
54912
426949
557824
417600
278944
936737
10060
679205
135904
410841
231152
495051
455341
500347
569272
796121
29351
378179
792773
312267
389162
720475
454247
62742
220523
567021
835721
486976
480578
898607
706146
205500
773315
938650
846222
359678
251049
703790
635399
973752
566774
478933
991718
23726
249524
361034
629659
99542
905387
431890
11427
875130
628065
395181
572193
611897
510585
771695
628283
301174
219429
723276
338288
930558
174558
935656
433412
162960
299598
672905
879350
3441
192952
690989
608513
388952
39227
668139
533494
782004
166899
657460
732316
600686
471221
449932
242831
224033
820709
923328
702103
921307
101996
296714
778476
413506
467608
885119
571736
65047
823525
690982
988602
585217
184601
50823
737322
198653
346043
668495
573399
398243
454065
878326
318868
59741
857312
224904
576233
461065
410873
263534
544347
103387
225276
244025
925237
196333
354111
744092
63902
291765
727915
254680
880614
245820
3715
477630
995224
874701
380942
351668
707727
47062
571
523643
114046
772982
103924
995559
583379
905783
173456
124968
274753
636688
990626
437592
348155
850249
619152
74061
335057
402957
944567
767464
465755
868320
947418
162037
303372
823267
205079
180391
362906
353268
753088
352466
568775
688508
212216
915420
277348
478564
579566
612145
841948
400163
175770
183836
115927
346734
650150
171657
31036
490666
658288
586889
703679
923584
816307
691310
879952
319097
659679
860270
855654
670683
433034
982364
622592
506170
587665
223595
801414
411411
46047
505820
596179
379793
680920
871561
428285
487963
628948
200154
662610
429603
909344
200330
75030
122801
254590
296687
899585
706777
457205
918167
79175
280609
938107
316331
957652
753318
667831
585574
915656
480428
183917
744248
501621
440007
342734
428285
510517
954880
392198
910126
632097
94676
806599
316203
624071
298067
128122
101314
217982
149199
503568
694823
903230
802898
963339
30236
926394
297450
188632
868879
444523
431972
528877
193488
547139
930206
424733
923295
20774
700381
570625
516793
93186
486441
182264
300618
206261
681654
290557
310195
595074
981497
477680
853675
563528
90739
881762
39766
488627
861256
157448
910375
379516
781416
5206
355087
66295
718934
392220
299772
215217
10949
316439
952174
292459
445598
112021
744007
227007
998109
195827
704077
203847
871023
360827
685176
366995
989336
312637
175735
878405
563306
203325
318613
526429
346177
778762
837792
588101
426953
996366
582693
81394
378352
744107
70093
429396
425222
476672
302288
37178
185216
257249
253008
831850
259042
537106
636058
348080
41701
842725
100955
994440
910186
167794
386356
422349
187781
672367
232550
294323
649763
233133
104971
675670
438504
727623
16131
806462
959927
815899
334093
637305
941054
690107
779197
683986
177203
344803
626266
384256
293488
739449
788641
468310
197474
559426
208617
282821
392814
48504
597367
783338
601493
683548
220183
131555
875248
591505
172726
24734
72352
822509
691493
711351
278079
334195
813789
723409
181973
114615
114365
973836
263954
536700
202518
188278
912164
603544
940462
30517
248085
352179
95379
763987
852361
968
271281
806738
571532
287468
198309
693402
266228
503391
219648
375337
61068
944937
594490
318924
32827
565378
539151
606944
455689
364609
805242
847850
888314
625293
154804
932611
622287
379840
311512
954493
72328
64642
44364
311528
297713
907680
475885
577852
941021
149005
995994
982056
787611
709399
45542
694769
703223
609849
825645
762263
815765
786012
120866
675628
400035
693188
184625
593102
101121
256638
583695
490139
726309
549932
995039
810094
82493
404584
347798
929461
879312
862675
769244
485311
268730
938589
982534
367175
335891
70627
979207
444361
349625
364480
679522
605970
28412
880906
648812
576940
492294
389367
346648
180837
908209
511210
86999
865242
424269
224178
172566
596680
226038
623523
6882
219040
546858
184483
468812
725823
203196
143295
658972
948454
17847
919931
29366
222087
635965
124221
580438
111778
999730
127124
452222
9406
611759
593825
912554
249448
58218
72358
906341
468969
202521
857111
544337
120376
923552
669053
305575
861906
871655
702117
322117
732709
193243
547672
224658
116922
410680
734676
221946
171471
497240
535381
713261
457959
193283
64087
916052
179235
138256
861925
197670
720946
389184
389326
76644
49261
16187
175345
864932
519433
620834
599832
14149
779438
990046
708765
121197
99440
356307
443069
445418
828179
549071
56964
399417
961277
375390
575123
525142
3087
619349
859802
638041
301291
212075
164245
349831
497007
126216
708672
548773
565626
266550
217240
549890
179063
700020
499383
86648
108259
394932
983790
820668
9200
517386
417317
438114
716508
724153
697852
115419
809372
147606
706331
55367
225823
734264
558704
854220
67149
566944
816799
130352
897534
24441
610231
944169
563100
192620
337805
837791
511198
102247
371164
755170
844395
28461
465531
511628
144437
139141
311319
835618
526919
265764
402028
988361
669892
648391
959401
853959
308818
295941
797475
3716
914567
542548
25454
231456
765205
826548
355533
814490
119971
495972
23655
40274
262771
262752
140232
575773
167533
562515
620928
338960
511343
869035
925862
496423
525380
242724
150965
101983
752457
709501
29550
80413
480377
377139
318084
925136
653750
743924
325652
136375
29902
922802
641081
180052
633149
502536
997916
620220
824988
232751
225077
95449
319552
693209
728565
754021
455639
653254
336124
104921
152477
800355
380082
173506
453971
756521
517767
221307
321286
528901
71044
444344
210084
447614
321214
983884
59919
65478
375707
782372
162242
767880
390549
699629
317350
392848
494631
983635
368587
770968
169349
16039
214892
581168
912650
944986
168152
679659
259615
524019
946842
259931
628444
359614
906240
108338
143825
37246
449027
864405
919207
486094
492785
788682
878182
775220
15719
619467
324466
661016
994091
748763
14661
992643
503421
760755
918889
716996
283296
190024
625173
912531
231800
195202
167879
801375
722974
874623
961212
727883
111541
381837
51129
803222
421771
891008
159984
193395
255467
310189
506419
572675
776892
336680
689436
662481
626535
256536
979808
254552
304051
187102
91860
375228
728340
150125
128355
108501
384867
398655
768883
67022
281955
286187
842087
746500
350583
795820
501814
684822
173841
351350
763038
636563
182262
836506
977481
157412
898501
724001
996250
519388
213241
654482
871829
594861
531291
859917
232024
297318
353794
561957
540625
100671
243355
571726
21297
997098
728083
570216
813329
146919
694876
594253
56014
871714
879333
420865
74192
880295
658637
466424
568470
972065
308651
27035
208824
585936
106579
23494
9080
523494
763774
473671
778699
832218
514763
505000
466866
805377
469126
324271
153062
475025
190953
26663
581923
148829
173426
69575
273523
56161
113784
454755
234544
486631
813867
50963
275978
812770
246236
692445
129191
444006
134008
994156
901980
586098
689984
255222
204523
889597
291666
245522
382405
215148
541515
536446
171374
117607
246419
317442
772276
126592
389959
121307
814859
998561
125924
308514
889721
199362
466669
136339
906780
606935
41558
104694
901513
454237
919127
328688
220649
925209
33415
958909
976878
279768
589500
811103
361261
826955
709722
234516
465676
60847
307583
908354
162502
532937
186043
662142
983811
691631
526296
811368
456367
439161
658997
120073
893616
55622
613880
178096
444786
373718
743278
373142
193743
750053
612055
304010
659535
505528
123956
924331
66107
434440
628683
952716
26348
661377
444635
987179
606695
307624
549637
869512
993217
474597
496241
340964
907349
846802
587747
449399
606115
991241
882592
436104
751526
242791
287716
287213
296577
835187
455697
726445
783449
210030
31403
959984
940272
602683
604547
166410
155288
381659
631547
5506
836615
455105
386154
878224
521276
960004
666268
852126
403094
972950
617050
468204
413493
666508
24699
19808
351809
765404
538575
505713
238910
692055
450983
528903
323493
447440
887322
868983
360553
522170
245426
398001
637339
291902
115154
6815
159619
497225
997424
51068
849480
157574
677966
947338
490426
40977
612022
858951
895029
13706
430724
786202
50184
767142
266495
692702
174554
589665
224308
761706
545257
512026
944732
308148
349979
774640
943431
201913
309583
831434
59153
258073
311375
381018
837671
66678
60690
593239
106778
666716
813555
922391
587063
177436
716954
875950
750748
756425
393259
808606
298110
223855
441414
801143
187436
667780
668862
895240
198977
587720
757887
426356
241966
568523
747026
814014
657447
815083
473694
701489
137788
199922
365404
158953
863103
78904
538046
372355
803594
266803
966528
391480
900711
777038
922283
720413
735432
373240
333402
125781
603878
482418
769517
347376
553632
783407
977649
138046
279696
446205
349504
870446
702792
62826
926289
618478
895657
630278
687681
238581
729874
689654
131637
936092
971943
193981
793968
338742
801722
947805
191831
242371
158835
941902
539578
997386
569241
945774
434948
67601
372903
793428
538734
190107
133466
443626
619176
859244
397371
600314
31947
237360
239198
854205
674085
898521
101951
828370
428482
225360
562284
376437
79397
167656
638388
80466
354873
845666
933433
735974
409025
215751
521304
944747
724213
655150
385067
680335
996901
202438
832058
24236
489429
71123
622534
917195
467177
234994
748006
521067
551861
849449
8013
977578
285881
944330
148060
841736
925453
973553
366082
977649
29616
722474
233663
849984
26437
408047
355289
680373
765648
801120
705051
129363
324445
548081
108232
953942
140400
367397
110632
388025
92675
913126
554678
470678
136637
181554
712197
627110
322700
93954
768893
240438
439914
75364
868394
210183
512771
489984
719363
862073
909012
523392
241193
365455
471887
714747
848080
117314
281336
663505
37359
733332
173762
353885
114997
319683
29144
232196
534929
809284
273447
905658
165803
304670
863673
474894
48447
224508
109094
392938
415263
284555
340102
166317
346045
531494
296306
845834
204718
385680
725109
393704
876423
266905
26924
138319
685097
407005
772501
756744
455370
352445
565617
223223
726068
257
218197
674250
653791
531777
607204
903297
1266
393191
485020
71079
647984
654349
23457
265535
441630
756087
892135
80912
842375
819616
347590
458112
567489
172562
250783
186085
384883
897304
126094
210533
689652
559209
468124
337775
431423
570002
787665
186442
971883
95035
507249
448197
275023
612172
486663
419817
139501
480820
929280
265968
211681
236499
405724
875962
602238
393476
397635
691777
254775
652159
227183
35956
887244
316463
847521
508818
657725
264508
18038
230137
772087
526233
179224
736861
309177
470952
419034
61956
541472
135194
70028
195331
355560
8243
59540
594192
803875
284645
464751
935344
989459
954650
846468
204444
916755
463460
528740
653853
421484
285061
913045
106071
20098
313648
194640
497677
335120
271942
60658
464702
669693
217033
226124
716001
875485
414379
86583
188831
940130
531316
869789
291750
265109
401522
750824
690023
952414
99800
499425
523883
790540
474343
228576
228710
705993
678817
393700
849555
534448
481479
20116
699896
200511
490139
518294
662716
783114
860029
954948
496483
170664
284082
69282
575048
726782
407056
358866
251754
876153
691783
154708
364730
304032
600168
417428
746999
589476
65183
63884
253336
744951
144208
16936
287993
620869
240091
178026
824920
430486
604839
997530
244909
504688
189793
934401
555919
439821
368788
425872
150970
612374
660759
444980
25522
266724
706076
473209
269142
179162
372232
703911
662643
950055
128187
233740
510673
499136
301436
358019
227663
533765
757255
109254
183728
777504
599783
784255
489641
143652
473584
885590
616182
218206
6989
575387
347065
437211
168426
758729
453187
595314
485574
983822
389753
923261
802147
7788
962514
664601
800410
172665
737296
803032
356366
860697
481764
321887
110526
367438
327411
700469
257209
171806
371553
308621
132560
704698
312954
286122
970701
407989
294911
358282
394043
517654
140778
571367
913790
268462
437577
719329
523063
26309
440145
551114
388150
489250
79655
121469
581683
425853
26373
523834
33329
960814
714711
313143
357656
114449
843772
912409
598270
228522
54884
807392
169333
622251
826105
788930
901847
798532
626332
21879
602616
554797
966034
682204
4033
595618
527460
635921
800320
924535
46273
446960
457096
904153
609672
895012
141857
683992
524021
579540
412767
498851
239478
282802
234261
714172
55058
121664
132141
930317
574355
576545
973507
854807
830876
778753
826855
547123
925370
938467
434105
270111
273755
551000
897861
214379
701553
926353
309646
947569
669460
194491
326800
10529
949742
926629
649146
272376
155217
53746
826297
539646
688242
150470
356282
584811
288789
818418
622214
919853
724798
41177
541006
907766
406380
114287
464711
504038
587669
707064
139684
81274
127855
408260
838018
395634
511875
353263
960631
31934
455725
194103
466509
547897
284713
706451
902710
603880
509118
886579
589072
45418
313092
795713
886664
310510
175389
22180
899369
497436
123178
286083
882912
345283
845931
733248
788622
508149
26549
821667
471992
416676
679523
682696
619638
194059
388824
561607
895813
330289
761986
483287
639940
428993
301438
116048
1756
528321
335691
980325
984280
343993
761233
586581
257302
143151
84590
312222
254904
46132
255595
966409
278584
256976
873829
707363
774665
656038
445060
164173
467840
923706
218186
888181
87182
522003
212008
378254
327663
572306
952192
855516
588452
87210
649449
700679
460627
65285
133917
178285
519612
559389
418718
830157
269392
653943
391432
735451
518136
560413
609245
940639
395485
121800
5007
324502
803069
915134
871112
366218
171620
706065
560495
862707
837013
251775
371273
807085
340810
639987
921520
592254
884887
572122
91981
883889
785082
847417
468533
898987
171413
39473
570494
333254
462135
215017
193863
880424
707376
405125
253781
169992
950446
351915
295667
665765
538512
692495
708557
63291
684527
492344
149310
683733
903043
850242
115625
67972
422823
27705
227132
836389
102280
936219
647829
503933
398863
21823
527052
263955
83539
464384
535420
858386
457546
269489
59295
730595
855270
939855
82713
869600
232855
585194
22074
335247
307867
142756
127330
519961
889240
291315
439979
686382
910779
859241
159028
153205
750758
682098
713809
878299
616646
333853
496027
101404
107161
635558
179000
100960
801010
80082
705226
675573
727523
585280
104767
711206
854210
730823
777709
409942
802424
331111
403271
5318
972130
102062
203875
68390
487364
38526
212772
4476
196527
758939
927840
550594
914877
319136
497261
277761
364338
166552
819753
404181
402903
906919
182010
842643
605761
775209
668568
879324
584121
220087
26409
11118
333675
66178
910476
994308
64338
522494
399828
822039
603236
920385
555581
636579
261775
357567
676227
199252
636632
791978
276646
29945
77460
726773
514301
765538
257983
251147
961975
235893
432794
92139
403707
776012
628877
282464
799986
979685
173522
130828
651102
382836
139543
531875
877600
171862
402624
738860
48673
14637
998505
591345
92825
760440
793290
672801
348445
837794
413529
79382
817534
53751
388522
898816
980669
5250
847927
741519
846342
423485
828548
268565
183490
32662
363886
142428
40354
723732
228947
868687
6280
815164
434071
731660
511202
619867
280621
425882
849679
430082
553084
312587
54930
129610
480153
426555
267333
575856
637086
500547
70605
952188
494849
13889
576517
397246
415457
500284
547828
14062
16539
184422
493936
118400
250266
638553
508632
480543
51091
272980
665413
576968
81256
370529
34988
497995
844850
434420
146940
841372
767529
884468
140183
123035
514302
154922
504423
161526
732500
221191
119330
655990
1414
84974
980558
394676
427292
911020
103040
408339
591763
102477
232917
779591
829572
230004
617500
333189
864617
183622
111184
497604
106704
771746
45082
425732
284532
673424
33808
782420
590179
566421
818988
380970
279945
131395
613410
416876
443948
87022
583898
53898
608335
219181
703236
607472
793741
510038
454326
109366
308267
603278
77036
170592
454143
190797
866952
874012
985192
14200
34964
8645
595752
898556
68644
621853
787187
239514
631710
477643
40265
551248
977181
109080
987128
247630
773410
212514
232968
81811
435677
166249
486069
712005
937574
816969
984682
211941
421898
498133
722850
594619
834668
119138
527701
402859
410588
866757
115423
766270
415250
672007
13280
104781
441422
32808
816428
518125
109175
156945
500644
533451
222442
632281
385216
745434
889084
776098
277015
153529
394669
503375
647991
649070
91227
186297
241166
247247
422979
941769
474372
557719
205531
291001
238095
487849
784468
814173
302479
757369
841550
909954
628573
674067
105830
34545
158214
944332
486793
811939
576563
673558
516838
75080
440715
748670
752285
485993
417400
723010
86425
511266
632321
353023
188094
630031
459753
534547
453131
655187
753032
85375
784110
90825
136407
604097
52490
761324
351480
443025
153416
218921
833283
410314
300127
81218
172309
166496
45799
835741
756236
760252
723873
350846
773637
800238
819205
302228
449134
477158
874983
583371
932760
587216
321527
164054
975459
298407
275665
692931
66816
771462
617058
21766
407750
533498
988422
98691
63162
133002
860038
333797
852865
310586
822997
805680
611508
475775
598078
657371
188191
852138
598407
665742
773077
79492
590483
801905
198243
333947
507582
488412
479890
127009
995608
512810
486816
649574
160750
520898
596414
230388
472164
798075
1453
314545
590620
46797
860297
67235
472029
672688
151049
557355
219549
44556
833241
93500
863739
758326
590696
352079
442564
260711
401669
490366
837389
213654
36145
890967
445797
842997
691578
445672
250563
114722
393612
118630
457724
535363
712041
339037
529122
239822
339113
98058
996433
595719
413444
972400
418687
594436
821378
246054
169032
9620
680348
240549
39706
696659
478443
833203
344362
211363
42890
499330
30694
98289
941644
994806
743291
587534
726991
246520
315176
570043
451584
546075
3373
952714
969476
314246
843971
230779
919232
897081
617693
444423
424897
631931
542361
633265
804131
751908
417454
94841
645854
227566
516378
645445
609567
894347
787133
203210
34468
781285
681445
689357
120505
583332
139538
913434
733117
773842
71403
583570
123697
963305
623094
437364
899627
316990
644687
415390
623740
764820
151697
459582
812713
698100
892095
891873
907260
110693
749914
500280
79223
349711
398036
303428
443934
256253
129259
124227
49742
952240
641578
232658
215252
201194
765882
896091
309467
41002
947419
389193
601306
493765
410212
314935
935244
960962
243793
449354
878460
689109
275177
143821
350031
329787
521197
917594
27079
898792
666873
240167
930634
155907
853480
946748
136482
658215
658702
355472
10967
401085
788465
80115
669541
678073
558893
174841
29308
322917
204576
253086
242219
427242
469629
51142
678925
115888
99343
229082
291494
378053
61253
295536
616943
89580
436668
341970
229159
74847
889316
308786
496589
598417
277677
440172
478800
806885
142292
724065
61071
58912
691546
103979
873043
944976
960806
462962
18853
15725
799601
280458
55828
50149
109191
996391
683235
212828
261820
447304
941939
273403
213987
356801
291940
76631
966867
877577
432603
952853
673909
418826
763265
313334
593393
558396
339261
900958
866131
301147
231796
741363
832605
234066
139111
303382
979344
107868
829905
773752
815388
228443
841188
186158
360810
522045
940986
993422
574538
863878
756739
265325
124643
925384
898777
105405
534494
716909
235878
95917
278091
584647
962098
729166
587364
671066
623885
690110
58995
794632
257352
695146
494824
139600
975602
810590
660091
742881
490302
382035
988379
747827
803611
308706
949941
885055
527317
722027
992046
435726
341108
867228
793821
462970
708532
552266
274669
576637
857252
794768
480765
184377
124653
35423
163848
201936
512313
641991
984606
470665
174528
278963
692339
334667
593734
217526
12655
620748
742351
354878
762555
657918
988141
635445
429295
442864
982173
96343
481673
587498
595682
62274
464199
350210
886479
532867
535586
972648
430805
972562
569292
95147
556935
670997
91747
115071
266283
496481
275153
8298
867761
520464
36181
473120
387169
575568
328971
17946
48248
521870
218011
724022
503439
58323
520328
517040
941602
958307
250383
157176
116831
298426
696181
492164
787549
243909
620648
606745
947951
493521
137005
722756
531892
263949
267053
864499
588875
102942
633109
25145
85409
135498
722103
836231
580889
409688
479958
308455
809953
249853
802682
230367
626950
122980
510359
367441
466284
43225
387654
674323
342747
667854
529696
668045
740587
579362
54272
903121
593381
992662
620969
142204
512129
432087
681121
389259
196334
133857
629322
79009
923159
705840
880491
664253
555018
819103
728310
663258
141160
399381
189848
741868
679987
495866
666853
14404
903768
408876
584609
896184
405715
945920
273447
914895
429837
516202
265223
783385
881904
475136
858356
717693
529755
695113
648304
411632
559168
564300
211323
95370
568183
759545
62896
503864
30235
562891
493566
906015
514209
176714
120373
656700
310789
276989
693950
386675
530336
650135
537490
919066
510325
192873
517755
559010
363156
296106
989506
569186
725295
157759
741176
504312
817180
808630
543211
558174
295073
247036
8990
644473
199265
542576
939212
459675
762387
964396
517919
827576
156223
220306
875321
302994
177483
163683
530928
332410
607558
38783
538439
170935
479391
303942
138959
821291
204004
762185
28645
77588
522837
563374
320476
231782
396286
294313
925157
582939
148050
645215
833514
996214
841357
477009
903720
575713
367045
969864
502065
436852
293765
766619
857073
998748
580378
638991
306898
472250
831785
55302
125539
355517
546382
357624
46135
870634
510519
529157
995078
633341
798291
452316
527590
268622
206242
781609
181781
599272
376303
902852
654722
969334
316637
688953
227793
363244
138555
779929
621137
759239
644590
296732
720330
475201
677768
612896
304584
432820
903108
254886
841302
224066
417403
69633
379353
325312
728434
16291
167206
213992
742685
898698
870584
632484
591056
849472
782362
518273
793794
343814
923813
937948
313641
415719
244305
370875
199106
625509
277862
999628
507180
5025
738953
885719
722683
741339
671869
434324
661999
581282
920201
326037
36248
412604
610189
656094
568468
1724
823443
76050
722396
713369
550818
370033
233798
188849
186485
212719
504060
176211
197343
711843
210811
293631
492322
734362
571143
416847
958795
12073
60542
444091
330385
107908
33985
322295
835101
475915
314257
658794
368850
876585
732328
74488
708261
608008
407772
914873
710157
966595
709669
586838
779469
777573
307434
681438
279958
25118
566436
240192
939181
425299
790203
795138
651213
882401
244581
598924
651525
484118
424540
11349
958848
869804
185730
351128
655601
824096
806817
449733
951960
155305
489181
394435
874571
793848
514806
326702
776433
368545
170054
693780
203729
449912
346907
713604
561249
119555
620505
935537
66090
140434
884337
342734
151301
839440
705795
270046
264719
174122
964931
596666
114416
320392
590280
939787
165989
972567
370270
619432
267341
120529
896716
91997
484364
657687
717196
513573
988708
959871
139326
807624
402774
510817
658341
412355
52653
600678
983215
665879
4268
821360
985395
751313
584217
335648
764827
183319
365680
817634
856367
877894
471555
785943
79409
301922
764883
881046
368098
315848
789164
346450
250448
901109
70267
194233
766860
697457
472165
263588
465487
476594
262718
344540
901684
847482
297005
11208
375007
505205
829927
83174
53136
153072
254741
709995
810615
299867
696591
994316
930595
16296
943056
50605
129239
630089
209276
684187
995544
560138
138115
195925
972537
875251
389317
45879
331832
535826
387549
333306
782757
328304
530118
93247
801281
250693
294875
464830
892816
988262
46123
908207
421736
415741
77671
175860
274273
244217
83975
443004
85258
628364
744423
59124
636466
766070
495823
668164
243367
428404
729236
920031
215452
992863
331908
205846
392160
185514
605332
478960
665990
670868
814690
51205
872261
592023
865950
554068
262201
542643
659557
653468
147926
858224
705872
278493
65285
614328
925153
568756
374212
354351
916217
621096
392531
222347
50324
386080
631139
318018
417403
708754
902258
846062
41800
117432
751002
805994
647295
946383
214783
885755
23978
970327
911731
140085
161195
501192
445080
990491
873832
819330
896747
115492
228489
619488
899061
454906
801683
710452
684733
612083
85552
175954
555686
362086
569408
670551
314482
672315
505020
653397
783722
19534
540049
893511
844228
248171
915208
587709
788167
930555
830623
275376
807484
833213
101649
516397
303150
201754
312329
216835
720894
693057
233912
311253
201659
53488
999009
756379
260831
6891
227567
399826
525245
889143
630133
460279
10197
601340
217367
363670
726835
902295
494456
448497
78215
348763
198204
54379
484717
65572
337073
25082
749274
783968
265227
118198
294856
809715
712144
336346
376653
249261
597884
856393
569749
665512
637591
768490
784464
662977
103379
188906
324875
551929
812786
200855
601111
848963
129655
181977
952051
43944
931634
738500
676372
358372
483967
336340
807860
248503
40824
363467
827061
601613
656438
368912
967413
361643
77182
124916
362059
597355
799362
871326
848476
817500
728333
383753
571484
881091
976382
985955
381188
643761
247157
436568
416272
568608
481482
99659
728482
502761
645073
510500
919499
359824
684627
47736
488682
219042
909551
54879
835326
552437
39860
773305
893985
909151
160498
855968
665882
964852
856814
950512
792249
912060
882382
343833
291032
189889
242271
863444
995956
359704
432917
944008
90962
122204
148683
54268
938861
736505
390771
437402
121551
612970
477490
187225
196081
319175
57317
303072
224275
922986
873132
691298
917399
578259
189127
47602
99699
984643
205189
517183
188826
625013
580663
105705
418576
241886
69630
797466
379633
469591
616170
164797
200782
232027
95
430575
665560
592330
254695
511266
677290
179253
482807
323347
445404
870215
412516
643791
738076
566276
67587
987899
179493
855719
372261
110512
808153
522989
665417
331020
374846
931292
5468
784498
173142
614673
237251
598373
186869
899858
680627
317492
181756
863940
785355
978483
229458
924556
788258
18483
355565
848428
98537
630480
898818
281730
784155
491918
498762
598233
96379
85731
278173
440220
521626
13613
494871
137654
599223
498115
340462
816772
396477
148498
161595
228046
514145
832582
207465
773909
746051
548215
316285
975652
240614
596685
447489
63085
787154
229532
791333
113759
422373
361991
33613
32907
984847
614347
676838
749551
872772
106679
99513
360003
995690
382160
897430
463594
960060
696224
296638
574188
526851
239790
229931
10428
831425
599581
153947
343433
196236
732901
905188
184952
884017
990968
415931
200853
191168
586133
560363
567410
216549
696347
420595
957588
959052
910868
993529
162347
921672
355089
333755
651177
559792
387733
104612
303062
481973
895701
167777
676569
819629
849525
938832
638230
83148
276536
285754
160691
632468
748307
250693
758487
727110
728477
9207
6637
394917
504484
112219
163181
106570
593021
879231
955548
946850
111390
69249
352993
662902
293582
476312
541846
380570
962232
135756
762295
278476
494056
203634
14606
491489
441367
980560
271967
963237
259721
608032
956467
703712
393467
885715
434290
572708
728551
724414
738584
362223
363579
295068
631261
142719
832722
820592
789289
530065
7064
356520
606469
886067
188618
662042
118246
177373
186787
744503
403051
545259
372775
769365
131745
497586
366432
282819
864721
698670
716783
983277
549813
720481
90107
87342
151365
905756
226042
439909
847826
228349
171973
242576
761756
231645
336651
35599
673745
302907
855019
231768
262428
735325
759659
705330
565318
843472
760131
325611
205525
845314
900483
738726
594011
112556
678186
325458
706273
970414
131034
935873
326032
113530
794867
456831
43870
706252
709107
206420
150688
857084
533696
345033
556902
490251
791975
930923
882970
614737
425267
735111
231651
308738
560624
939966
912953
719455
878902
773214
857914
282602
543053
797184
247384
418822
528907
15787
274065
417763
488836
885571
346603
664193
790918
877148
250634
622068
488473
14481
62175
321795
491273
673851
649274
936022
703058
896190
364015
82703
768967
383238
462096
494814
908780
152037
631795
342932
300475
314394
241181
606021
288380
944518
609280
963053
169834
110562
408086
468240
53043
678875
468090
609333
699973
783582
674288
76180
308232
369788
502868
994368
825357
32009
897197
770166
752195
544073
130283
249213
716410
975380
483112
932132
875479
832269
493711
568142
49999
980567
650763
575115
196401
148346
312106
220357
990763
436460
992326
663556
987201
56841
489901
673323
376940
504619
445170
287829
523270
877645
933017
382297
450822
702601
187655
692242
131924
488077
361091
387468
690381
563828
758300
649894
354783
544288
805566
863563
585453
39186
8414
681470
397139
869546
265474
189391
707963
761748
533836
903478
998737
234717
112121
775713
92641
93523
552183
895709
472455
541924
292177
710646
161910
106560
234416
403413
272668
18596
15976
115877
910827
357768
650641
431393
300374
404570
936954
835065
694110
134677
868551
993658
627282
126381
313830
113003
843420
915835
709397
587162
59488
352339
930957
596919
797972
138313
731298
111871
732286
752275
839733
692694
964090
734293
691116
188353
505537
449515
815034
833461
123745
626873
658857
815393
829742
454550
617751
964518
857962
894755
279954
716791
863620
603720
566484
744244
776853
296274
47113
946270
38097
492397
700535
24212
336441
565810
830044
967893
489448
130200
712253
429806
778325
527948
769212
215635
14932
430580
35627
651455
949518
589640
732434
975329
256622
299035
229633
835161
230476
631619
144275
638602
499781
47303
381474
305348
170816
63108
939038
672743
893835
736786
399063
116446
434460
267323
219494
571565
416348
83431
994456
300481
626854
381718
579650
929657
138742
697534
886964
493760
377828
83677
682515
150256
786683
266208
485736
5383
483017
481378
551249
557313
985064
350899
472787
260490
804295
397500
87823
108274
884793
491433
321577
712386
813047
298676
208600
105729
86106
694891
21559
997988
267125
382696
620187
221300
545374
685124
250113
403644
507934
691945
97043
951643
355848
452867
34220
654548
406410
100790
166796
325397
206954
652496
161773
317309
177237
207482
447862
169739
158803
119467
155630
615252
467020
441665
5694
305358
221896
52824
835243
737507
474830
583942
239985
676221
355608
314234
267922
881682
281422
769214
678806
526592
633427
267710
42515
567166
327131
925618
510157
266038
991629
315005
676195
607341
163338
349255
48634
39030
551360
492306
592826
916629
742368
939275
98539
535573
407084
252108
829067
738487
356855
277353
658983
541912
641631
23610
395036
560898
978166
721419
795727
798664
427238
749838
469011
700622
769908
207440
547859
845655
476076
65669
98772
812363
683965
398342
240977
467894
693458
245926
697648
810002
277202
835370
602341
786803
394159
949852
501511
31470
669879
968507
112576
314818
591200
14175
295740
723036
344182
297735
168504
671499
909581
870323
737162
124909
985351
975812
85220
744420
744913
526676
834321
826541
364399
671696
628684
499225
230196
30448
198838
933095
835885
874343
456395
755361
581620
992227
268543
827284
622141
798232
884962
715744
359128
183227
556980
555426
337760
780823
397970
86769
909162
64538
696519
656079
468806
10488
71568
920661
351511
871243
596650
28705
739652
758106
238188
910689
293810
469128
334529
653699
389919
703308
350830
152032
642731
622906
256413
97351
629996
610383
842721
353850
698616
83273
14651
501620
483432
514808
820567
516601
300913
656392
971715
137548
977572
769663
665260
273410
918556
49309
114034
772185
672962
126732
2175
311601
292567
115150
241366
490377
122803
524767
97342
939869
273083
590650
574120
910091
88363
485341
735921
376031
129293
188315
768204
471862
614796
811993
928165
694233
975986
433464
362944
82243
445764
733457
755287
133451
421963
162024
214996
583094
168480
250378
692043
622392
930971
728491
546793
758703
802218
926594
765685
210327
925734
130764
441674
835759
970033
391138
426597
48742
752556
24835
374050
643925
637326
948219
573356
228228
85270
835127
32809
130047
542271
347983
788290
709178
260084
509463
584033
47657
310143
825563
214314
213585
802335
490564
543162
57815
104308
165716
840483
789216
822014
789094
701483
417863
658940
248917
976170
193717
49253
861282
313910
118330
176848
324124
193107
359293
625637
699246
986269
486697
987079
212710
458802
997274
703857
414538
786802
371608
727325
722039
103597
943019
695917
840561
512694
908851
648135
855598
820743
908117
843215
800469
622066
812423
971418
896928
321358
47545
716030
899532
920564
181058
956413
751949
744539
880304
737929
948957
159248
371818
452333
313439
644550
478008
957535
726365
449673
812848
704580
803151
844592
328673
106183
291523
733875
185842
334987
221135
14331
702171
348615
904807
590088
335414
143905
992589
476699
248471
303152
691085
166547
575181
996865
823210
708687
728722
80629
674188
833219
654550
171292
935733
200433
147875
32108
636195
136492
101737
349515
395720
901715
311258
395736
475545
759281
683529
904341
294445
140785
131556
570109
82193
315044
120540
447833
279058
316191
430594
149074
197083
663626
280012
193897
596130
725072
676924
702708
866959
760533
230901
919060
261120
771557
80080
589110
258132
61168
928556
126590
263166
163214
255810
831868
418083
827885
286165
995694
977388
229723
832551
602710
80532
823063
825600
561166
167485
876809
123592
547734
498165
593635
228744
391291
169540
359385
470179
217376
804496
447486
249030
596979
411106
516826
637052
945757
146538
234504
541385
370238
14783
665467
337156
222786
188127
36357
675475
565239
601540
853296
360185
641783
709512
744556
642325
318114
521293
652325
3558
391316
419079
430952
225731
558373
605856
165592
434208
359744
41466
482457
835834
622252
493762
470727
550469
659272
886607
266424
865367
316480
530927
208928
209991
54314
363534
91017
508054
672515
663330
796958
648886
191270
513626
175118
182811
285637
448151
852955
700515
53567
577061
67596
865608
172754
540729
57558
519245
114042
744752
125533
663817
424845
768224
557293
425140
462606
845271
983336
193515
737100
221731
704625
989472
926514
747707
277510
379786
390264
751763
412840
31004
104688
830462
648332
644512
838046
60560
896002
554878
378214
605077
497429
247108
164570
710136
131532
628337
415533
294714
423695
229500
744950
156493
390562
424263
388423
462823
665883
926882
968122
450428
733420
50207
406552
75870
928771
319522
894334
110466
383045
936095
388082
833981
948613
631719
736191
24064
314412
140852
279199
393033
178850
246989
644413
612475
313287
48741
814636
615735
119992
497416
67583
742337
742248
454941
77810
803884
282877
62037
437929
157160
983835
124481
766913
824763
646392
727163
166776
80242
807066
240766
22319
399930
310297
796971
587390
279029
128332
926740
102274
642426
169362
401737
3614
386676
687396
872840
891178
700391
446522
392938
324273
317279
321839
261802
239224
422142
265553
983354
496639
796378
336072
866888
947478
467161
497017
277796
912362
279338
956890
484872
79521
138980
538312
375648
759115
914624
892722
110566
23531
549470
25879
480758
779623
866912
136459
41028
758307
589292
360696
818158
414065
311863
746034
341303
193906
47606
519170
513191
254419
820477
524332
492988
45754
437769
420822
698432
413955
472285
590293
831657
822998
229265
841082
482459
695267
230533
411896
468268
312883
967262
910071
958650
478515
120143
575329
480604
23068
747267
895538
158969
924814
311238
769477
882300
175825
728911
851976
30370
242412
703241
242719
280637
760273
219850
225642
791669
455465
451265
594173
894995
42433
770062
484933
926128
192880
362702
103166
455021
572226
238615
638238
938548
423456
911490
488849
831208
119740
178703
281660
192084
596749
147611
339631
784058
492798
795376
683647
215432
866946
792827
638038
402755
560604
446310
988976
716649
149
815251
141835
504518
286006
760511
520582
77852
828306
136857
870889
102379
80503
208311
959152
336674
350046
925998
10564
683643
438374
492334
485531
220025
181397
871684
39850
930560
214509
647744
855689
153053
642300
518727
393708
626556
535231
117356
606924
14359
567650
6984
49503
225397
544304
380943
6896
638925
606831
631203
6299
163399
391650
155257
359240
480231
942992
24433
318354
47142
198193
617003
176076
245195
465479
186084
519629
118025
310338
421306
321878
91564
472953
339359
889346
162003
777910
637754
182864
394557
34595
500177
571045
473618
584907
378305
262194
169803
881109
367548
988409
9220
793544
589437
967944
92515
361205
107151
133964
863537
442755
264483
229088
487014
720244
90819
990882
760546
327010
186545
709503
867883
913841
515367
548170
398507
650811
462332
319207
208501
306611
600077
321887
898726
871118
174634
320728
522930
121870
867126
156170
692178
330267
849794
92104
974542
457783
359384
916741
928161
488899
688359
884692
670571
131276
518669
691528
134267
203418
664059
230846
839810
664868
822213
565611
509565
206816
50610
395476
440959
259623
341237
257258
187831
198304
574636
85057
456376
326696
836567
376885
612940
175887
547357
729607
563956
775379
744979
154447
883649
375614
41306
798988
463715
302707
401399
701491
601866
643886
268598
688507
535405
528303
864166
307829
40826
862593
373259
670807
460363
629914
46258
784594
307522
426824
972683
293365
972746
431564
494985
991269
901828
737877
304816
582717
697014
478073
190771
210026
165626
878366
578159
134719
323986
98447
475748
878135
130286
785531
811277
408161
868713
451634
670997
22105
737297
494690
846913
839928
464342
627530
164251
877283
529652
34791
193277
925239
640527
586639
994388
562266
659490
709277
609808
554008
494751
294988
902503
942194
640034
287603
869700
385326
765451
742917
618835
852145
379280
455246
444381
135942
146848
747039
641104
878729
722717
441908
883248
566001
163598
2607
630077
377107
853221
535205
910984
810357
693224
530013
34131
522751
70959
300040
669931
111350
933355
245315
309208
47917
169923
190069
898087
955619
466750
174296
412332
702812
852693
779339
989147
442215
959465
741705
251920
526951
571738
934042
40484
634189
728328
517224
501110
552623
666962
367481
41879
906422
949856
63257
313132
746543
132683
482926
265179
696312
289889
95816
863940
854557
723296
17713
224564
931858
646904
590537
732347
234715
112102
563411
573228
441031
464350
48671
501235
117239
911831
910858
641949
448147
193055
280702
937143
811225
682594
42173
105625
389798
118689
262000
954616
594968
521362
196945
537503
84715
655284
318423
631862
704090
37046
505672
813263
337043
768749
116045
391760
515160
310781
288502
827895
191721
53889
579938
333440
74096
755026
840036
38906
786472
679856
477091
715223
615128
150339
167416
623515
721693
338062
997606
401760
466951
948192
163448
87858
459324
299841
922285
644504
818245
438644
880351
295168
721031
619131
65881
424732
440361
110213
426990
744202
51682
202568
11310
872310
796302
671533
611708
624647
284653
125560
206696
302960
511149
88083
597913
748082
779852
645672
601532
811247
893834
730563
120790
783555
861192
453431
639720
906671
462880
757303
946144
944321
624582
39344
329594
677256
199140
409541
56266
730227
348485
764376
48290
604580
220226
804363
518936
186937
379559
722578
307529
707495
894561
631899
833370
78780
735435
539208
304213
980842
639806
283591
353362
419242
316524
898295
578771
40166
426103
212442
8519
821268
744002
114814
953646
7609
803042
154024
542286
788327
600515
733844
726810
765298
271005
331694
717671
609367
962692
504475
754215
335260
440282
947677
159452
608255
485258
113665
669454
669102
627516
205693
386897
847620
661394
539569
37776
727774
810110
359316
175606
785335
324950
893269
626765
276462
756761
46093
728867
656403
362477
253019
12940
620869
398841
63140
849163
630228
983327
941137
474925
695464
949602
569835
353655
595471
218617
686789
893200
992934
510599
499263
582884
451008
136604
100561
678628
422820
701886
109405
646611
778950
795910
224727
61082
780525
620330
126002
439306
476156
748733
52308
9059
718869
582490
774002
319409
535999
547976
852617
467196
214995
64037
16046
493859
780536
335162
111956
597333
912901
518159
256283
617466
930043
24149
776433
530095
360153
786428
733506
135835
93233
991802
311488
449629
872646
103921
908037
423061
856033
51732
40137
986712
505057
207464
20605
327348
65333
497656
28995
628350
365881
762915
906688
680614
741770
334982
274251
614225
61778
955230
551564
114280
31936
480311
225708
889599
61933
550705
634883
400136
668945
431729
353510
163602
889803
140318
923724
315364
829541
524402
57138
235002
161345
593434
220
332842
174055
113641
454925
877439
642511
600469
540471
5278
782761
512620
254304
511442
121261
198391
851674
757833
941765
228999
416790
611045
165159
220508
567276
305730
590643
226838
890423
102684
22534
953134
658248
140988
553600
197112
984877
957126
727504
913172
313558
186857
320887
184614
31676
769867
508845
15762
863693
62478
189051
323605
378723
302857
1857
128720
630116
265129
841232
963592
602279
454439
308126
937806
976195
574649
643926
377998
327024
692510
538406
324459
714442
707791
466764
589351
431746
297469
348704
14043
367138
187514
133040
954918
73659
37667
346440
936314
66438
311624
779186
84526
580763
797246
145953
970703
44261
425417
369780
76980
847606
118403
424099
104627
263698
452782
114286
258757
315624
260925
214965
723056
619375
743410
643930
210462
987997
2631
120751
560569
333475
452414
175039
795073
999064
386221
999593
120282
309399
615149
641687
943867
645456
537503
909506
487174
971819
854076
206047
830445
647417
621616
446639
316443
855272
486757
589861
407295
281188
90725
376485
665401
127593
820913
606145
851292
930715
310836
615758
428347
141267
955607
140753
64681
700035
124002
212432
349649
622490
588606
488461
498942
924752
992932
160420
935467
43954
170514
329352
122563
136746
648879
773980
186704
405227
573883
825730
992673
547698
174006
62645
519718
515500
918918
856862
304638
160759
452827
649959
419727
313702
719094
437481
694949
990725
969645
841283
437552
812405
221357
542411
401808
389192
734600
701971
488235
799332
241149
165124
179690
633957
52688
383407
103905
205741
466974
841469
936004
517234
443967
365408
977840
980831
326104
651565
487252
386339
915503
150734
334609
357467
622699
496653
425077
228454
507195
237887
116558
398431
659214
748140
802860
232978
643398
839787
445707
9636
522634
21933
135770
952995
625162
411193
795492
859840
110190
995772
501734
577534
328587
482395
10667
949726
423736
856140
713149
789922
261346
781123
528610
838179
79909
927691
992621
868601
728024
139031
781694
536753
725065
766214
378968
607231
136296
203256
916678
55392
126128
256553
567611
620535
369493
353698
231271
651707
807895
407456
90084
178459
261418
700045
364556
528536
252202
353271
638140
510433
708825
149393
854185
962715
7743
125735
288696
780693
520888
564910
270496
658582
50933
749694
645239
495383
858980
957792
607401
285896
998164
681359
877680
801446
433229
564528
470202
997615
902900
972315
610920
377784
27752
684039
824124
473633
518664
290990
102131
359509
454796
834167
428572
252628
579396
754875
262919
347845
135938
249908
524696
714012
695624
605633
501515
365910
580031
920715
301765
628730
762731
41711
71366
91383
403344
281515
113248
611834
922146
222397
787315
597102
291445
392423
829925
561653
182232
359603
574162
926480
742881
124534
919243
195851
353636
55341
118068
777736
550797
988114
403355
108372
102551
151640
184702
535020
274993
873123
831666
915792
641734
17073
160660
895460
841970
399279
55215
677713
709183
43704
823422
112739
868941
198084
854207
55743
614152
693090
308667
692430
956300
64545
315430
657917
450558
323200
421686
921434
498452
961504
927053
241307
146000
437576
795244
937357
181639
479304
408755
310189
659796
340283
671857
453753
275218
345544
990165
537618
782498
762598
624375
877850
317978
178075
241315
904883
160480
83482
317240
434384
929157
217889
975239
527444
285560
360118
139140
677781
787528
270640
562881
831803
766137
93325
997453
224385
859532
61937
73819
92797
688193
912941
938300
673296
923392
895962
583403
60914
508994
833637
32182
673005
91748
510077
700650
104750
210535
559607
579806
396364
468604
632778
471777
248876
14298
489810
409596
688120
675561
297468
468705
260835
870713
653499
79930
455809
24833
208967
165691
462252
521633
787055
838114
296131
800390
787737
39124
962057
622959
657314
306009
123757
418030
244650
110909
679533
757083
848530
932958
936975
288911
987613
329044
841734
86255
787488
734552
225412
920698
389792
677285
116397
550333
161868
799057
631824
803254
700557
90461
665715
709656
782128
302634
322689
674036
166002
659693
988219
42770
857776
803250
293451
839551
598793
949192
858158
328493
711765
88315
522920
869324
966315
910389
826327
728465
274304
953722
564128
619420
277559
624151
932552
361795
882357
707791
588523
828584
220825
960423
130767
705740
816252
598022
912209
956548
116378
540685
552393
885224
778706
272160
533115
659595
788097
120368
499290
841236
653927
570336
16847
859336
573971
900434
913304
271213
79573
98316
317375
863795
939687
716006
807274
557022
940899
972480
979073
132294
820471
534315
871992
629731
515749
577182
529041
760297
504066
106356
942269
740167
919735
758927
892930
142853
691620
173666
870775
858935
854777
36378
161631
965873
756977
18467
544528
471810
608926
728505
891296
555805
790728
568458
159668
286476
369877
972059
706509
953462
109628
6144
602621
696625
574019
783959
964918
888294
237685
561309
958567
541544
359223
76932
163147
341993
613784
876469
984706
109572
588399
315746
906655
596683
171134
652973
156548
441651
301205
4039
635506
556899
381721
139501
991456
743748
381810
777245
911996
467050
987875
879106
536109
318831
577451
80816
484972
311903
174875
783705
482497
721259
679053
822797
970128
254674
408541
464023
121285
363532
169542
613683
780207
818200
802380
220468
295121
746282
973824
612517
512401
379224
792286
892279
324222
572989
754545
916671
317411
352901
790110
891188
847168
386891
508051
854568
584413
517703
629081
594378
604615
780912
647923
355395
720227
837543
81972
276294
231293
277001
726468
814070
47474
472237
146647
533697
394178
909767
417243
263734
694341
189136
234490
403923
352842
873419
292210
234126
231053
825396
693835
652003
138829
901126
870581
776493
694139
729276
120276
67925
669690
122731
307503
894834
459854
995905
868359
176356
856942
857338
250003
843757
379083
231321
934961
766076
738643
80663
608748
636729
800279
909384
965453
138944
81867
203667
83238
886820
940844
69603
644394
718280
609597
122939
906868
730449
555380
718485
815267
801765
205511
478631
977978
514342
987995
18873
49258
401368
817978
700172
306008
179192
361595
300665
127667
791989
534613
937255
829394
265587
811875
496211
623594
261947
477151
344424
459716
37778
703465
372456
167563
236230
829737
433706
976443
175607
598497
743933
39709
844904
856324
75256
756341
105475
978377
127595
485651
707319
886711
103182
805515
350648
180753
613853
696370
255881
693077
280621
441278
164452
77599
760554
615507
108207
750250
301824
370397
559596
792181
539183
529221
774721
159759
860195
870977
498306
420310
376305
112571
796977
178887
353145
443653
737645
807909
961008
150920
569371
576352
357789
417155
754366
448464
311306
263948
65936
388594
968350
586258
499747
116706
626441
822792
577066
85963
155671
135352
48691
457071
722297
737055
110551
577062
849135
329560
869948
97153
523136
609596
823954
199388
44113
412941
635477
989555
922854
313410
741275
948163
438350
239693
56185
861143
476942
558035
833189
959093
683149
368354
167215
222496
250800
746520
583200
256528
259638
263158
597829
443283
93908
53317
412460
82136
573723
331845
103098
937196
185500
31356
866724
751648
532514
424597
63890
65252
439014
945798
6219
346245
343419
923503
461313
933621
701074
140819
933947
770899
603079
591575
247336
507546
510581
177264
583114
565762
365366
298573
214044
887356
656436
774620
658964
935722
724737
663602
485615
257609
335774
854302
477343
821952
464274
807522
830335
848029
199328
183098
862967
274776
926665
377795
402449
777355
84981
463042
988505
610476
139808
934304
537331
161589
289301
299364
683673
960496
380858
726023
730185
499263
831789
862572
522760
177515
189795
676221
202463
820905
67609
521450
484268
824651
367826
266262
840428
362129
144062
83360
357288
93310
166833
585608
465001
861453
831436
879994
309491
927987
802639
270033
102113
412134
181049
975408
178038
675562
346302
435124
502668
951234
827387
502497
711239
970917
482461
247847
521467
941796
417443
503036
731399
231086
456557
144332
177298
500257
691759
503828
371155
682843
624006
567122
225554
461989
6891
655012
309537
948439
337176
690675
593413
396116
622363
30798
582437
401716
432971
400931
308803
909009
253713
119737
89745
290857
730037
755936
592719
670942
235982
485574
613404
698550
407732
284195
877979
921071
516547
885944
195523
367499
881034
355492
566559
560238
634770
515361
724921
864669
752435
593079
958642
664497
486374
687432
648646
369455
696894
79793
597856
229532
862085
311984
124329
189034
106940
652296
64391
88853
154461
693011
401884
578831
336314
50149
625868
731154
674799
575151
88041
454955
424942
983522
886966
722734
931319
976209
502475
887045
796267
427660
154701
838696
391617
191980
883771
828661
352394
519061
978794
906087
942837
486816
178962
181397
17845
419191
473977
807311
720552
200845
443420
439382
543353
28027
724854
754846
557843
938853
722380
666427
28674
869834
965944
537460
698120
455692
534684
52462
968981
320074
292864
978810
372058
654703
515431
760432
866782
641893
648211
20939
398633
298971
776055
604874
532695
497376
1183
825909
452203
194389
246110
84832
879310
201402
795485
916185
501316
510118
855979
331668
441968
986904
653267
283617
694313
285323
256076
819668
760648
460269
839933
43058
963087
557173
843988
740758
54261
96278
552190
707723
816626
53593
875779
257367
835810
33581
603853
916114
301215
849453
81701
506485
306460
988942
383488
700249
658452
711943
799420
616113
867126
221230
814827
798222
972022
979201
497904
858655
794040
834115
859281
700167
733509
23217
717139
677327
749718
101231
825723
138073
659894
695743
348503
635756
800969
553246
769566
796967
27847
345245
236609
885822
767503
665325
383410
671506
150182
183266
79183
652386
75383
933460
362686
637275
180025
399635
430398
899952
138724
236218
975873
737535
810931
691954
675233
861855
909838
876634
517597
268823
473649
774905
241567
659840
515089
877810
763793
462849
320765
328326
828704
803203
961054
715209
585239
488176
487695
237564
671596
609858
839939
567923
889546
819420
707352
993509
765423
465402
276953
136177
749789
614216
434554
772967
342418
772896
34945
917923
465541
893365
397655
571073
551433
790060
56023
163595
853985
939646
53871
546455
458142
314853
770636
340613
312171
862860
115017
964538
791965
459673
120012
843065
358613
897203
481902
956044
465648
387531
234291
605547
285742
403632
956425
922242
268208
328316
730745
47215
255604
126555
447465
928620
320680
660233
898147
491863
974746
236813
660176
840172
836465
45652
419600
200631
987427
904708
83486
842389
166287
942987
136169
31737
993450
739342
360054
136902
882720
816142
967104
617406
256130
977364
297992
309688
144632
161000
519689
781426
999366
960256
768008
265694
38918
359029
624592
707905
285488
237077
50821
922038
640332
201565
503970
389807
52779
341268
219211
696255
796388
979674
668311
588195
338342
985972
87691
963636
284256
490090
172089
522456
52036
402322
209441
135671
188129
202996
210778
343464
26692
913197
161374
889935
526958
418331
991954
523406
931493
652002
868195
824475
847380
927428
696378
93379
44992
325636
922726
459436
579257
321618
398407
731683
354399
606937
670145
422118
977572
398308
64457
621939
269978
998322
436991
946855
246600
784228
387501
992877
610779
247493
138661
444776
126473
895018
958473
608971
470251
400192
105278
845691
843790
565042
973901
19953
436345
35364
214828
802865
229268
908272
914164
233310
128567
929285
453089
325079
561929
68537
347123
832708
750633
800279
780686
725758
917124
500390
431852
699414
538411
327770
150454
406854
366678
208837
743725
950621
366669
166051
527618
927779
401599
979812
608556
548243
295620
531877
284746
946229
685779
614717
340399
61856
12378
15561
877101
174607
46432
449782
838941
498285
181527
62262
913011
249624
958249
929302
995396
880810
808977
935430
848773
341098
891614
518165
9801
979367
422735
38672
746098
682063
225857
453694
219961
557281
819393
914690
301260
86991
553025
143764
94648
726524
947868
665539
707041
511882
332306
455636
649616
996398
846329
775858
289678
523108
444945
388019
541756
71137
262582
307495
855199
52106
735880
167702
834984
796071
924131
41185
287599
137163
343034
424945
250075
103484
568139
276752
568790
695193
610129
580183
89616
111471
113
702406
232657
171741
517564
167112
853195
239637
370268
609194
505632
638195
894905
803588
571589
56125
121191
81345
647502
539464
331679
594915
553563
248327
667447
780420
440423
358610
751775
483173
104511
441653
259598
64336
344520
510943
371908
944603
633226
419114
598912
151125
816997
779296
281994
406738
883345
459777
136870
490937
145314
467482
780041
9647
53645
568369
643713
105159
950564
92255
759157
238442
969423
164459
750259
42477
769217
794482
329538
273386
399419
866041
317698
679412
89735
808499
446027
974070
490123
100768
118885
310672
336495
613769
900692
773640
318091
257596
336625
289951
32711
902050
194624
859795
826291
428247
658847
320782
21994
879010
595776
471144
889611
898252
71781
575822
21524
594823
12446
387169
678323
549592
254988
479721
482706
813043
297758
221307
185922
854162
158564
903835
884921
683854
409083
799823
853905
532630
554782
994234
762797
484327
115452
759241
71076
19690
675489
263953
771549
480776
161760
777619
334799
822266
632336
276137
312694
952258
932537
781355
165548
99817
940580
743892
978308
11482
695924
760313
954850
226846
239540
370144
955123
301835
934603
795292
132891
81596
776280
422821
439834
779089
552930
829134
669739
519510
927472
109250
521454
911809
367748
274761
307769
423059
31728
801264
211161
875864
611170
400144
719728
373162
640684
600840
830833
20857
81534
437759
638277
511940
258569
81562
925329
893858
639377
777709
523762
445497
43694
300206
183658
373334
297087
515937
181438
241939
322829
433557
836356
284788
469818
662922
917980
614167
395703
636002
421694
173174
421077
383912
356545
131471
118728
378230
204285
881619
268840
302511
963875
363554
837357
729697
57852
915947
988077
741051
46867
29216
170956
832597
377293
491207
232760
497667
171511
922016
761840
547550
564868
349096
45861
122915
537825
223813
480005
887480
565140
320248
941032
646927
977543
34236
723695
86706
525382
864877
227969
720853
277455
224755
486032
147495
386930
148823
77441
81417
949006
798387
655603
424693
665035
111496
124245
351490
249181
267569
565389
317082
421736
869625
784572
501950
275004
226812
276592
441982
639017
254477
813702
181822
581602
602504
195069
814482
24305
728567
529785
340267
808549
996341
836298
897859
996489
39593
967113
5078
340854
507715
758018
82508
783437
253171
763866
819560
84750
687745
803240
710735
480499
463233
376684
205736
457054
559259
527009
621800
458668
957601
387487
372046
301330
290399
856043
862140
496362
565458
300600
594823
610240
799752
922319
184212
705018
237371
519160
394277
785319
181529
743971
983136
623279
59042
944209
954559
731513
453188
764424
974499
233490
871943
252779
901412
95805
503846
196259
125857
966619
656734
73533
190359
371817
21101
242326
522207
58295
935230
386715
778087
16000
907543
380093
962281
673442
654414
736733
35672
928161
927271
935087
386066
884019
156975
555506
128906
569664
883145
166570
833796
811924
116802
830926
899097
620787
684627
409430
665310
202391
482762
907041
850697
636448
397434
928312
915652
314534
391341
953636
410602
428112
53976
207072
520594
592616
307959
625766
91473
72310
474596
954343
210013
885061
174189
98490
242289
128177
350621
822146
200352
772110
404932
760151
235778
613365
415905
732363
418092
622527
217680
671031
96991
875998
121734
750600
467746
178173
783100
194889
196228
822421
383126
873589
405352
848647
796290
678883
347085
955138
967132
649387
803263
749544
663908
876099
222222
78828
121723
439154
228757
609985
481191
332156
659509
675482
994730
905312
850490
491921
393210
854706
937997
873197
938073
530980
239337
298825
967066
911596
726848
794300
470081
575073
552305
412188
85129
803679
70015
800707
987522
560701
350118
124064
429569
892401
408248
5135
98306
253740
795510
98148
401725
832304
323726
312770
8040
741155
864193
98433
237121
176664
408282
574252
730924
172188
906656
345358
690747
294575
980528
330627
331862
813069
788456
859873
509740
969203
713724
673838
686216
329664
25922
34530
839413
581075
927103
465229
479435
165403
126493
55258
642736
567823
641684
65229
102796
285273
773807
237077
671933
754195
506785
509884
193931
992865
970753
878639
776404
113612
486790
623572
219554
821953
12560
364627
402271
543083
592194
656028
282808
878652
97906
291641
45787
393638
839451
878846
986241
336305
359437
176440
159461
112588
472827
874358
589063
666185
711964
733622
528100
986708
192397
281635
123313
456264
410866
62183
873061
674713
283645
691071
504669
197077
164728
716657
465355
299791
328836
984314
764685
595505
437280
863267
550407
540964
174790
712070
439696
306493
611817
963630
647548
242771
276527
507739
489742
388664
416645
391171
528491
22171
559538
584194
752099
681700
49901
586386
750577
319532
581316
778189
383167
960561
293934
828837
487865
227276
485575
862807
269623
294419
847774
474530
676150
185991
435864
585586
149811
802835
361016
491953
81413
601186
295108
455935
793917
524214
521983
757968
370811
921785
152216
576760
631865
969045
158717
319906
213671
804062
71339
681594
640921
572941
76103
714184
268383
741505
498869
661269
208018
889400
189649
520907
301385
855672
670562
155406
57976
166303
605976
515737
626483
658872
709822
15524
636763
77396
201568
28905
354311
228977
317709
318822
384347
541188
669389
4561
108651
828504
344914
414825
454329
302430
874206
908743
210339
217171
755335
786965
632766
5082
661838
91086
882664
493957
813542
95756
636319
773314
824176
235421
13885
193613
321823
505005
587206
475033
160216
264795
490682
989814
908880
298522
228125
823809
469652
691987
112267
351508
576171
433980
155265
765251
220673
269273
16126
395798
988335
99597
248728
853793
798674
540869
142718
979087
608967
871137
90383
986523
178711
302989
30119
665271
977352
885074
579409
829008
183267
814642
157731
113349
546472
941312
19238
398071
24605
510498
797715
184220
35857
160526
93602
680605
475114
427408
565916
964893
885725
128476
16962
119563
840282
590551
867661
486004
836033
383712
411419
669628
812468
622414
477375
956908
449586
453182
117282
345917
448583
476907
298323
919311
767363
449173
182286
559297
637444
958713
511378
130217
494358
955005
988617
306729
983061
77364
174301
633852
41797
727900
53864
399474
903443
884819
290144
800356
782111
141731
489426
950671
287083
93476
5148
347260
92131
733292
993028
48335
321884
758049
100856
498163
368865
467598
385953
847824
713121
533551
770522
822293
815647
699046
298930
857665
221540
633650
980549
758169
756615
173368
661386
479245
918519
711948
290832
523091
954746
179681
30638
680355
28970
403813
883678
181895
584332
511088
917302
42377
100624
54
915477
824597
359463
316153
308547
122886
443311
654963
813631
368121
891487
43878
305407
429221
991953
852682
420064
614142
345301
282882
691794
902916
182805
350331
87926
755149
82344
307207
251294
957204
496495
618869
585624
448655
379812
141315
708312
844404
960948
400776
691231
424627
834806
291177
507487
898575
506129
48638
190353
438881
648441
34866
152433
33740
796344
289521
409316
80228
799624
887750
696210
165610
753664
349163
357896
313680
882054
12542
357896
343078
852654
775667
191199
545668
345368
105764
147181
379825
236496
510635
35772
69905
150499
952971
376848
486121
442659
948193
732246
173935
252335
818377
697836
467238
619707
365481
884036
146720
31398
28404
995415
892681
998791
61326
616585
866160
540413
314242
810822
189705
382441
119841
746428
566045
217162
747263
957053
730581
217617
890041
537329
472345
654279
498663
290931
526352
415794
677997
630358
505776
488631
391566
163511
598327
59489
805041
835670
22262
430334
772562
652852
282182
382790
253412
374816
388635
482818
471734
110520
602626
867949
367751
425207
877378
838284
786875
238248
432468
399267
921898
584331
556409
708565
102996
640027
627751
791259
222615
703538
152238
409
539726
765611
201344
412517
304685
230311
253829
82676
751627
415075
120398
666696
839583
655614
886041
499476
439004
463520
238839
941611
511260
474733
309456
376343
402298
822930
454061
550436
538126
715641
847750
212423
299072
998657
106618
963990
220584
412057
237565
414976
785708
314878
625369
712063
294287
644037
976419
93449
840446
977333
201360
474723
31841
477635
19663
489581
774203
4340
730797
329101
76207
620297
251870
313830
177588
477933
917396
761885
476232
317806
703428
570258
340183
855288
693665
411139
743541
797449
646431
48964
379051
843710
355657
533459
64241
814263
810681
991143
294354
78904
812679
409
82112
542930
220424
377699
816575
630416
295745
279528
690423
861583
562159
478154
878974
319176
362809
560680
868917
513633
325053
119181
722429
758452
286372
485309
421162
474695
531339
225322
907776
132053
568517
470824
577538
528362
234270
200558
519808
311752
405353
366029
365411
477075
957728
620270
693615
673096
199126
536458
421029
823651
555096
941031
680221
209623
751537
744521
118870
84248
321126
387876
423634
88309
47256
518523
349226
750563
68314
668749
793172
514426
929643
474030
930951
341688
547482
364197
746474
271701
860093
52186
374181
844423
498802
219134
573015
327940
862378
365869
333999
816952
636530
290569
102037
816449
45071
567554
214135
86980
103169
887839
602062
196530
759704
930714
395166
602053
94936
696607
986288
759024
391405
93831
517239
936786
312031
379563
457017
566796
957473
142501
44679
904154
547844
351115
621305
804041
740275
62046
401833
822755
971776
969691
725748
452482
94794
107689
913175
809421
968632
614751
720346
506889
124130
312473
156461
966014
455036
624421
720769
955615
985259
32266
455042
891160
309028
788868
196998
812610
670919
381595
543578
545090
374318
72323
269108
503353
442521
760482
460708
267859
248849
339332
112073
444336
514493
905312
860534
518393
949480
417052
801103
974333
409355
290103
241197
965304
766047
174336
213379
800024
856533
646248
579243
31500
500938
679591
840574
925354
764697
578400
666096
334518
413289
311739
390752
205425
101071
799192
525551
361753
537385
423475
605745
887963
159410
701384
341073
575225
727645
946197
998157
622133
724590
670716
353982
424800
931550
926538
483386
161460
349064
171631
355021
199193
817323
573148
4102
811390
404013
13517
615601
622499
788399
930599
231194
669933
13545
225823
168901
934437
648111
640400
903937
45838
949935
491439
80361
917233
263790
237198
854842
599789
192219
511347
893328
875993
465806
261679
516929
905496
726247
695757
676438
185003
27557
665070
147908
661142
801100
977864
9917
128793
818639
876917
214484
627474
720203
898169
291404
764272
451783
100133
671807
201111
37993
317033
337717
729983
754367
233438
745351
568618
137421
670501
281236
567908
887780
849786
310937
286972
74911
878408
366720
530839
101818
873894
708959
751820
954549
743301
729504
689273
923655
248924
850377
896555
387305
529732
500559
325892
227617
602570
514679
935264
205858
409154
687000
144713
534271
528200
306271
505731
929942
289053
441122
205812
618144
218723
47107
30361
727149
736465
226136
590283
394071
669158
727369
155611
398653
17675
801382
780938
410526
379560
563064
67854
39561
185280
112352
738265
233721
284743
727680
177298
47364
41591
844710
982088
319690
784577
219056
262652
587988
450504
909443
626538
651840
351167
689839
163564
848280
345763
460442
194600
955297
300019
331979
433015
249902
252517
500293
986808
741261
956973
809967
988380
341700
178543
270036
634548
765514
693577
187225
750585
606747
884937
715101
418402
962645
205205
967243
403918
790199
198263
52174
276734
448150
919015
404391
129691
899585
380928
115810
849286
278203
178084
448693
60826
782839
981436
539643
711328
50060
981971
289631
224228
886832
561436
493436
348747
330732
160793
977625
757113
944349
88062
489124
610600
434586
149310
33295
286355
471023
342977
245055
789935
990514
565570
532113
108362
326048
56854
928774
466848
438791
61507
536585
240741
179558
556332
712910
535593
503957
421974
890863
748298
760130
477776
57447
25771
528515
967105
274064
652892
809193
21923
480764
189878
621300
90215
872944
353659
330701
147348
895566
477550
843109
204704
510647
493386
430153
620728
634412
159343
605469
35349
355402
306291
454863
235174
239175
203812
701306
663229
38352
602959
669241
241360
766526
382023
336610
976292
812950
316645
819730
518535
244308
992388
99135
823236
260860
685767
642299
706831
465244
347260
904463
812467
846388
79992
742104
21859
425079
615134
430762
2699
318365
497487
493088
876926
666485
362387
516772
263909
850106
28223
368419
745616
73874
257231
423045
682294
763292
410641
41270
442522
384478
491075
242100
642193
110348
704022
373879
594235
417543
819401
769019
577870
648825
493127
872465
47435
364807
796609
797706
476985
588462
165312
450861
944156
578163
265381
55081
43348
92502
183200
669489
742915
548998
237165
447600
841582
116553
243368
266502
810550
942907
337452
306371
882050
6027
942258
746363
81943
377494
782525
129052
968477
986636
504805
181895
81089
669404
694875
277760
816619
287910
227631
414484
299408
819207
400870
533880
197485
145555
790066
509807
626640
449399
952393
563150
636433
206404
279675
567851
633160
710269
396348
147536
471798
593750
91612
461134
619364
780115
345476
964636
542300
948200
62193
292398
751708
345522
657182
518666
848953
453117
714788
569642
413785
760351
382476
295949
223699
943832
87279
533611
495398
669131
567439
413181
487193
393664
823873
140879
681750
994375
290090
604879
374234
67380
709243
916649
245360
698824
296732
246745
621367
54168
633935
35921
651615
578448
347593
23319
594337
371448
810382
636515
720664
266278
411066
811723
770144
53295
389642
150035
797498
219718
249229
507686
485845
832122
980665
497116
681666
32780
459432
195230
578156
204158
482304
322049
922976
664282
481350
365322
748935
131145
897602
601941
264106
841233
757092
283092
886616
486769
184310
772108
809014
243599
483736
534671
106397
859278
723801
475889
941541
564537
354043
594797
662481
220673
122353
739635
843533
840148
651291
734634
758262
977544
692046
295070
339823
611083
708119
435593
788845
266120
106115
929359
410640
744258
414968
99954
353363
324495
166791
685242
187779
368867
467352
140712
771162
612629
786976
904142
511211
874267
714820
515700
747474
15786
322731
638359
876525
611409
646637
329948
86369
604697
104497
86175
86950
284812
448929
723575
229586
217221
773997
964544
780490
510617
466880
579033
57479
672739
517634
182697
869517
641700
587376
814621
560428
395894
302872
257152
306468
173143
921642
867680
927896
401778
456530
647730
922117
186809
430712
639504
436789
494807
708774
361857
691398
458830
803648
316783
174519
743557
593705
303035
788859
774962
933591
320755
608944
517549
440481
882326
379516
956996
558197
153409
607189
819344
674397
434947
759053
88331
478609
489966
995111
555757
806028
640131
553303
833694
453677
145433
221219
459530
977357
328739
408035
113244
931290
335906
436875
396317
30846
627981
210847
464226
572190
758734
644376
268933
46348
149393
756248
797041
638147
725876
285540
227002
444728
623196
547372
979857
82147
349587
948366
776018
539590
968313
691988
757239
587506
987599
417270
14817
765929
279246
350849
432809
915399
39026
289170
556821
512069
552166
497535
142385
17708
496929
499465
665828
468095
563541
687428
260777
78846
186071
18962
651341
512787
245113
456021
439017
62514
425376
415032
695730
573752
548065
459558
670224
826700
381437
891524
957025
623875
603433
282483
204954
109937
258137
178617
222689
277343
210697
129020
358493
192025
345706
955379
326051
126594
450980
86721
330447
506650
233285
121856
133005
12092
965042
600901
709832
145121
983014
344927
649847
282554
25878
836316
718804
172982
211263
444081
805180
622652
962915
831137
27193
651817
993551
607477
824688
439569
64033
694999
986288
774839
967822
978168
108919
350934
503787
155795
308400
434785
47681
787018
831028
196666
801203
974700
34987
661760
71829
590000
906269
261517
670062
740552
598010
321212
515623
942051
591169
507959
163487
659112
760538
490004
266374
997908
567999
836826
196895
416771
232756
356547
998086
429217
910949
56526
135889
377236
343717
496840
691573
164587
26876
576260
148094
641860
534115
217614
345941
615974
809172
318526
504211
63338
921338
27631
832830
453018
802478
866064
243295
458573
299910
327671
614441
480104
566681
946698
514427
251705
467865
532546
585548
457153
78478
375420
65130
31333
829929
413537
822129
380421
336834
349021
177379
1290
669117
463266
738002
264105
148499
371612
837420
671395
29794
632789
859709
684635
277990
761616
463891
722086
521181
481498
666781
233476
40951
306919
973354
873965
208926
726665
246576
902349
291221
844145
48947
203880
159672
720943
28427
655499
652955
439700
31935
709449
978653
307804
956078
4265
588901
778485
903397
422696
148943
434883
341164
586304
592120
605922
418366
810008
694946
218537
838896
523596
699957
521885
971474
827085
232399
290666
174064
202172
328614
266923
351116
230031
522152
653422
695906
301573
56550
556294
830592
355821
571559
149105
300053
404873
460639
132888
37058
343619
669452
555802
613770
291582
898915
764613
952061
461337
283072
84376
859150
618143
169602
744850
182839
860252
811335
905909
454715
653110
974147
274096
109660
637909
738141
4103
351215
737727
132838
121099
27297
237669
621637
471800
740712
304919
214928
118293
650596
711487
990498
96062
175003
758599
844780
762111
942318
374337
542566
428745
517752
945381
783627
670720
39990
665256
146402
156894
424020
67918
801437
486551
74435
718072
622149
95215
784095
351488
769111
538085
647286
468422
822234
362830
147200
239265
944195
573366
539471
613282
707451
995756
40293
509855
268224
396702
663148
51709
468242
479827
643057
840499
798248
195941
7517
817388
940406
784291
292504
621482
565535
468628
769563
945307
687074
672946
49190
35678
329616
234844
458889
852117
977744
564745
627673
965356
444234
464464
633518
382926
412380
543460
681804
32338
933858
827586
482140
406167
981281
118947
579738
13091
35590
898719
951694
450113
261260
401933
690214
403061
805124
197620
51720
18853
931131
755840
758300
158044
344778
794408
210779
804440
513437
209185
842855
698269
90643
566585
947481
844592
519632
832866
156684
729825
492286
593934
218727
963587
56828
392370
271282
54760
101830
59278
691628
10587
467538
867096
889352
719455
394424
811057
789597
800589
547391
248940
639103
193948
879776
158006
692977
328318
412800
364212
971782
276803
989598
356753
691152
772558
475220
483681
11964
805090
244241
336709
565734
912241
876199
225255
500586
925942
463619
381586
455105
935772
549419
495099
970836
762701
982159
309437
560277
403227
576081
891311
457330
927281
298145
794058
57483
836393
983954
105553
711527
627026
637931
392796
922961
507116
91264
237477
414741
103041
652312
332688
17128
363940
958206
378335
21389
600478
919477
465063
565807
123105
113716
268065
693648
969721
53040
623800
723386
552166
874381
897181
513235
586373
449584
88385
333458
329009
339588
312884
82981
870733
223499
183942
355638
793828
30226
608777
166147
419874
670889
776475
556
132583
755821
436750
685363
369533
667227
725978
489071
28710
668724
177126
880076
929186
398208
856098
611581
291233
536573
554276
853856
442174
443402
589218
899683
273590
210694
326206
92675
240589
816459
151019
496379
521004
69189
635387
979746
431711
790733
632962
711644
386132
337158
764234
723788
566285
639350
105290
588695
97815
490696
122237
50723
823033
472210
636753
729799
198187
383292
978090
713586
855186
275366
320484
852826
862064
644014
421130
463432
789270
18129
866413
992195
876515
931870
161469
12914
977025
391728
623394
310343
557708
789545
938517
303352
837461
317200
20674
230947
158089
382141
975183
613033
8285
525340
694545
161328
402172
737556
402622
943679
926340
204276
902800
686448
881800
52996
361839
736236
734297
670395
332723
392155
578873
160495
971975
597235
487787
198684
689759
718567
945090
802636
679293
174918
203878
686101
477296
273965
980255
796834
147607
904657
253797
445109
24780
129708
289554
88691
141520
398388
327757
182184
993403
223065
414877
616753
354979
717805
293471
247372
765050
352343
485056
917058
449966
22986
830067
539842
380582
842621
973086
629965
904625
746095
891726
286062
375509
233852
220644
506330
16145
138069
402468
242165
682050
498527
141098
128085
273255
332722
322127
372556
368227
457173
59719
968658
741193
435883
170669
249788
405740
160137
867888
256600
438154
954066
312217
307290
156267
138100
441539
278193
407189
622473
539011
786154
760639
714046
629295
833254
726571
763024
210201
520605
557633
52930
780733
307011
871336
51107
686054
2400
683127
105235
764417
848294
876963
525183
22000
882244
513598
416914
391500
569931
548531
288909
871614
172899
849233
272096
926962
175469
238162
366446
349813
622130
955363
741377
836540
794231
586969
230974
363196
169506
251958
564261
368386
720578
878259
266837
537129
77811
259787
446162
986268
231596
586367
413587
54629
664694
935057
193939
401451
274009
240897
655656
389052
545111
511658
443206
144894
315296
657373
222924
628268
976217
320821
461380
808044
798546
733790
349531
693417
649827
46802
527954
44824
732139
165093
484413
825566
761201
227748
702723
718745
544934
13686
397753
902631
687181
65349
851145
827424
613147
403567
566923
17383
215493
43356